The target system is: Generic -  - cortexa53
The host system is: Linux - 7.0.0-28-generic - x86_64
Compiling the C compiler identification source file "CMakeCCompilerId.c" succeeded.
Compiler: /tools/Xilinx/2025.1/Vitis/gnu/aarch64/lin/aarch64-none/bin/aarch64-none-elf-gcc 
Build flags: ;-DSDT;;-MMD;-MP;-specs=/home/dllab/Desktop/trustcore_vivado/vitis/platform/zynqmp_fsbl/zynqmp_fsbl_bsp/Xilinx.spec;-Os;-flto;-ffat-lto-objects;-DARMA53_64;-I/home/dllab/Desktop/trustcore_vivado/vitis/platform/zynqmp_fsbl/zynqmp_fsbl_bsp/include
Id flags:  

The output was:
0
/tools/Xilinx/2025.1/gnu/aarch64/lin/aarch64-none/x86_64-oesdk-linux/usr/bin/aarch64-xilinx-elf/aarch64-xilinx-elf-ld.real: warning: cannot find entry symbol _start; defaulting to 0000000000400060


Compilation of the C compiler identification source "CMakeCCompilerId.c" produced "a-CMakeCCompilerId.d"

Compilation of the C compiler identification source "CMakeCCompilerId.c" produced "a.out"

Compiling the C compiler identification source file "CMakeCCompilerId.c" succeeded.
Compiler: /tools/Xilinx/2025.1/Vitis/gnu/aarch64/lin/aarch64-none/bin/aarch64-none-elf-gcc 
Build flags: ;-DSDT;;-MMD;-MP;-specs=/home/dllab/Desktop/trustcore_vivado/vitis/platform/zynqmp_fsbl/zynqmp_fsbl_bsp/Xilinx.spec;-Os;-flto;-ffat-lto-objects;-DARMA53_64;-I/home/dllab/Desktop/trustcore_vivado/vitis/platform/zynqmp_fsbl/zynqmp_fsbl_bsp/include
Id flags: -c 

The output was:
0


Compilation of the C compiler identification source "CMakeCCompilerId.c" produced "CMakeCCompilerId.d"

Compilation of the C compiler identification source "CMakeCCompilerId.c" produced "CMakeCCompilerId.o"

The C compiler identification is GNU, found in "/home/dllab/Desktop/trustcore_vivado/vitis/platform/zynqmp_fsbl/build/CMakeFiles/3.24.2/CompilerIdC/CMakeCCompilerId.o"

Compiling the CXX compiler identification source file "CMakeCXXCompilerId.cpp" succeeded.
Compiler: /tools/Xilinx/2025.1/Vitis/gnu/aarch64/lin/aarch64-none/bin/aarch64-none-elf-g++ 
Build flags: ;-DSDT;;-MMD;-MP;-specs=/home/dllab/Desktop/trustcore_vivado/vitis/platform/zynqmp_fsbl/zynqmp_fsbl_bsp/Xilinx.spec;-Os;-flto;-ffat-lto-objects;-DARMA53_64;-I/home/dllab/Desktop/trustcore_vivado/vitis/platform/zynqmp_fsbl/zynqmp_fsbl_bsp/include
Id flags:  

The output was:
0
/tools/Xilinx/2025.1/gnu/aarch64/lin/aarch64-none/x86_64-oesdk-linux/usr/bin/aarch64-xilinx-elf/aarch64-xilinx-elf-ld.real: warning: cannot find entry symbol _start; defaulting to 0000000000400060


Compilation of the CXX compiler identification source "CMakeCXXCompilerId.cpp" produced "a-CMakeCXXCompilerId.d"

Compilation of the CXX compiler identification source "CMakeCXXCompilerId.cpp" produced "a.out"

Compiling the CXX compiler identification source file "CMakeCXXCompilerId.cpp" succeeded.
Compiler: /tools/Xilinx/2025.1/Vitis/gnu/aarch64/lin/aarch64-none/bin/aarch64-none-elf-g++ 
Build flags: ;-DSDT;;-MMD;-MP;-specs=/home/dllab/Desktop/trustcore_vivado/vitis/platform/zynqmp_fsbl/zynqmp_fsbl_bsp/Xilinx.spec;-Os;-flto;-ffat-lto-objects;-DARMA53_64;-I/home/dllab/Desktop/trustcore_vivado/vitis/platform/zynqmp_fsbl/zynqmp_fsbl_bsp/include
Id flags: -c 

The output was:
0


Compilation of the CXX compiler identification source "CMakeCXXCompilerId.cpp" produced "CMakeCXXCompilerId.d"

Compilation of the CXX compiler identification source "CMakeCXXCompilerId.cpp" produced "CMakeCXXCompilerId.o"

The CXX compiler identification is GNU, found in "/home/dllab/Desktop/trustcore_vivado/vitis/platform/zynqmp_fsbl/build/CMakeFiles/3.24.2/CompilerIdCXX/CMakeCXXCompilerId.o"

Detecting C compiler ABI info compiled with the following output:
Change Dir: /home/dllab/Desktop/trustcore_vivado/vitis/platform/zynqmp_fsbl/build/CMakeFiles/CMakeTmp

Run Build Command(s):/tools/Xilinx/2025.1/Vitis/bin/ninja cmTC_23eb1 && [1/2] Building C object CMakeFiles/cmTC_23eb1.dir/CMakeCCompilerABI.c.obj
Using built-in specs.
Reading specs from /home/dllab/Desktop/trustcore_vivado/vitis/platform/zynqmp_fsbl/zynqmp_fsbl_bsp/Xilinx.spec
COLLECT_GCC=/tools/Xilinx/2025.1/Vitis/gnu/aarch64/lin/aarch64-none/bin/../x86_64-oesdk-linux/usr/bin/aarch64-xilinx-elf/aarch64-xilinx-elf-gcc.real
Target: aarch64-xilinx-elf
Configured with: ../../../../../../work-shared/gcc-13.3.0-r0/gcc-13.3.0/configure --build=x86_64-linux --host=x86_64-oesdk-linux --target=aarch64-xilinx-elf --prefix=/usr/local/oe-sdk-hardcoded-buildpath/sysroots/x86_64-oesdk-linux/usr --exec_prefix=/usr/local/oe-sdk-hardcoded-buildpath/sysroots/x86_64-oesdk-linux/usr --bindir=/usr/local/oe-sdk-hardcoded-buildpath/sysroots/x86_64-oesdk-linux/usr/bin/aarch64-xilinx-elf --sbindir=/usr/local/oe-sdk-hardcoded-buildpath/sysroots/x86_64-oesdk-linux/usr/bin/aarch64-xilinx-elf --libexecdir=/usr/local/oe-sdk-hardcoded-buildpath/sysroots/x86_64-oesdk-linux/usr/libexec/aarch64-xilinx-elf --datadir=/usr/local/oe-sdk-hardcoded-buildpath/sysroots/x86_64-oesdk-linux/usr/share --sysconfdir=/usr/local/oe-sdk-hardcoded-buildpath/sysroots/x86_64-oesdk-linux/etc --sharedstatedir=/usr/local/oe-sdk-hardcoded-buildpath/sysroots/x86_64-oesdk-linux/com --localstatedir=/usr/local/oe-sdk-hardcoded-buildpath/sysroots/x86_64-oesdk-linux/var --libdir=/usr/local/oe-sdk-hardcoded-buildpath/sysroots/x86_64-oesdk-linux/usr/lib/aarch64-xilinx-elf --includedir=/usr/local/oe-sdk-hardcoded-buildpath/sysroots/x86_64-oesdk-linux/usr/include --oldincludedir=/usr/local/oe-sdk-hardcoded-buildpath/sysroots/x86_64-oesdk-linux/usr/include --infodir=/usr/local/oe-sdk-hardcoded-buildpath/sysroots/x86_64-oesdk-linux/usr/share/info --mandir=/usr/local/oe-sdk-hardcoded-buildpath/sysroots/x86_64-oesdk-linux/usr/share/man --disable-silent-rules --disable-dependency-tracking --with-libtool-sysroot=/host --with-gnu-ld --enable-shared --enable-languages=c,c++,fortran --enable-threads=posix --enable-multilib --enable-c99 --enable-long-long --enable-libstdcxx-pch --program-prefix=aarch64-xilinx-elf- --without-local-prefix --disable-install-libiberty --disable-libssp --enable-libitm --enable-lto --disable-bootstrap --with-system-zlib --enable-linker-build-id --with-ppl=no --with-cloog=no --enable-checking=release --enable-cheaders=c_global --without-isl --with-gxx-include-dir=/not/exist/usr/include/c++/13.3.0 --with-build-time-tools=/host-native/usr/aarch64-xilinx-elf/bin --with-sysroot=/not/exist --with-build-sysroot=/host --with-plugin-ld=ld --enable-poison-system-directories --disable-static --enable-nls --with-glibc-version=2.28 --enable-initfini-array --enable-multilib --disable-libstdcxx-pch --with-newlib --disable-threads --enable-plugins --with-gnu-as --disable-libitm --disable-tm-clone-registry --disable-multiarch --with-arch=armv8-a --with-sysroot=/not/exist
Thread model: single
Supported LTO compression algorithms: zlib zstd
gcc version 13.3.0 (GCC) 
COLLECT_GCC_OPTIONS='--sysroot=/tools/Xilinx/2025.1/Vitis/gnu/aarch64/lin/aarch64-none/bin/../aarch64-xilinx-elf' '-mbranch-protection=none' '-D' 'SDT' '-MMD' '-MP' '-specs=/home/dllab/Desktop/trustcore_vivado/vitis/platform/zynqmp_fsbl/zynqmp_fsbl_bsp/Xilinx.spec' '-Os' '-flto' '-ffat-lto-objects' '-D' 'ARMA53_64' '-I' '/home/dllab/Desktop/trustcore_vivado/vitis/platform/zynqmp_fsbl/zynqmp_fsbl_bsp/include' '-v' '-o' 'CMakeFiles/cmTC_23eb1.dir/CMakeCCompilerABI.c.obj' '-c' '-march=armv8-a' '-mlittle-endian' '-mabi=lp64' '-dumpdir' 'CMakeFiles/cmTC_23eb1.dir/'
 /tools/Xilinx/2025.1/gnu/aarch64/lin/aarch64-none/x86_64-oesdk-linux/usr/bin/aarch64-xilinx-elf/../../libexec/aarch64-xilinx-elf/gcc/aarch64-xilinx-elf/13.3.0/cc1 -quiet -v -I /home/dllab/Desktop/trustcore_vivado/vitis/platform/zynqmp_fsbl/zynqmp_fsbl_bsp/include -iprefix /tools/Xilinx/2025.1/gnu/aarch64/lin/aarch64-none/x86_64-oesdk-linux/usr/bin/aarch64-xilinx-elf/../../lib/aarch64-xilinx-elf/gcc/aarch64-xilinx-elf/13.3.0/ -isysroot /tools/Xilinx/2025.1/Vitis/gnu/aarch64/lin/aarch64-none/bin/../aarch64-xilinx-elf -MMD CMakeFiles/cmTC_23eb1.dir/CMakeCCompilerABI.c.d -MP -MQ CMakeFiles/cmTC_23eb1.dir/CMakeCCompilerABI.c.obj -D SDT -D ARMA53_64 /tools/Xilinx/2025.1/tps/lnx64/cmake-3.24.2/share/cmake-3.24/Modules/CMakeCCompilerABI.c -quiet -dumpdir CMakeFiles/cmTC_23eb1.dir/ -dumpbase CMakeCCompilerABI.c.c -dumpbase-ext .c -mbranch-protection=none -march=armv8-a -mlittle-endian -mabi=lp64 -Os -version -flto -ffat-lto-objects -o /tmp/cccPYUUJ.s
GNU C17 (GCC) version 13.3.0 (aarch64-xilinx-elf)
	compiled by GNU C version 13.3.0, GMP version 6.3.0, MPFR version 4.2.1, MPC version 1.3.1, isl version none
GGC heuristics: --param ggc-min-expand=100 --param ggc-min-heapsize=131072
ignoring nonexistent directory "/tools/Xilinx/2025.1/gnu/aarch64/lin/aarch64-none/x86_64-oesdk-linux/usr/bin/aarch64-xilinx-elf/../../lib/aarch64-xilinx-elf/gcc/aarch64-xilinx-elf/13.3.0/../../../../../aarch64-xilinx-elf/include"
ignoring duplicate directory "/tools/Xilinx/2025.1/gnu/aarch64/lin/aarch64-none/x86_64-oesdk-linux/usr/bin/aarch64-xilinx-elf/../../lib/aarch64-xilinx-elf/gcc/../../../lib/aarch64-xilinx-elf/gcc/aarch64-xilinx-elf/13.3.0/include"
ignoring nonexistent directory "/tools/Xilinx/2025.1/Vitis/gnu/aarch64/lin/aarch64-none/bin/../aarch64-xilinx-elf/usr/lib64/aarch64-xilinx-elf/13.3.0/include"
ignoring nonexistent directory "/tools/Xilinx/2025.1/Vitis/gnu/aarch64/lin/aarch64-none/bin/../aarch64-xilinx-elf/usr/local/include"
ignoring duplicate directory "/tools/Xilinx/2025.1/gnu/aarch64/lin/aarch64-none/x86_64-oesdk-linux/usr/bin/aarch64-xilinx-elf/../../lib/aarch64-xilinx-elf/gcc/../../../lib/aarch64-xilinx-elf/gcc/aarch64-xilinx-elf/13.3.0/include-fixed"
ignoring nonexistent directory "/tools/Xilinx/2025.1/gnu/aarch64/lin/aarch64-none/x86_64-oesdk-linux/usr/bin/aarch64-xilinx-elf/../../lib/aarch64-xilinx-elf/gcc/../../../lib/aarch64-xilinx-elf/gcc/aarch64-xilinx-elf/13.3.0/../../../../../aarch64-xilinx-elf/include"
#include "..." search starts here:
#include <...> search starts here:
 /home/dllab/Desktop/trustcore_vivado/vitis/platform/zynqmp_fsbl/zynqmp_fsbl_bsp/include
 /tools/Xilinx/2025.1/gnu/aarch64/lin/aarch64-none/x86_64-oesdk-linux/usr/bin/aarch64-xilinx-elf/../../lib/aarch64-xilinx-elf/gcc/aarch64-xilinx-elf/13.3.0/include
 /tools/Xilinx/2025.1/gnu/aarch64/lin/aarch64-none/x86_64-oesdk-linux/usr/bin/aarch64-xilinx-elf/../../lib/aarch64-xilinx-elf/gcc/aarch64-xilinx-elf/13.3.0/include-fixed
 /tools/Xilinx/2025.1/Vitis/gnu/aarch64/lin/aarch64-none/bin/../aarch64-xilinx-elf/usr/include/
End of search list.
Compiler executable checksum: bf4f7e99d9c79ea23b0a478fa2e8108a
COLLECT_GCC_OPTIONS='--sysroot=/tools/Xilinx/2025.1/Vitis/gnu/aarch64/lin/aarch64-none/bin/../aarch64-xilinx-elf' '-mbranch-protection=none' '-D' 'SDT' '-MMD' '-MP' '-specs=/home/dllab/Desktop/trustcore_vivado/vitis/platform/zynqmp_fsbl/zynqmp_fsbl_bsp/Xilinx.spec' '-Os' '-flto' '-ffat-lto-objects' '-D' 'ARMA53_64' '-I' '/home/dllab/Desktop/trustcore_vivado/vitis/platform/zynqmp_fsbl/zynqmp_fsbl_bsp/include' '-v' '-o' 'CMakeFiles/cmTC_23eb1.dir/CMakeCCompilerABI.c.obj' '-c' '-march=armv8-a' '-mlittle-endian' '-mabi=lp64' '-dumpdir' 'CMakeFiles/cmTC_23eb1.dir/'
 /tools/Xilinx/2025.1/gnu/aarch64/lin/aarch64-none/x86_64-oesdk-linux/usr/bin/aarch64-xilinx-elf/../../libexec/aarch64-xilinx-elf/gcc/aarch64-xilinx-elf/13.3.0/as -v -I /home/dllab/Desktop/trustcore_vivado/vitis/platform/zynqmp_fsbl/zynqmp_fsbl_bsp/include -EL -march=armv8-a -mabi=lp64 -o CMakeFiles/cmTC_23eb1.dir/CMakeCCompilerABI.c.obj /tmp/cccPYUUJ.s
GNU assembler version 2.42.0 (aarch64-xilinx-elf) using BFD version (GNU Binutils) 2.42.0.20240723
COMPILER_PATH=/tools/Xilinx/2025.1/gnu/aarch64/lin/aarch64-none/x86_64-oesdk-linux/usr/bin/aarch64-xilinx-elf/../../libexec/aarch64-xilinx-elf/gcc/aarch64-xilinx-elf/13.3.0/:/tools/Xilinx/2025.1/gnu/aarch64/lin/aarch64-none/x86_64-oesdk-linux/usr/bin/aarch64-xilinx-elf/../../libexec/aarch64-xilinx-elf/gcc/
LIBRARY_PATH=/tools/Xilinx/2025.1/gnu/aarch64/lin/aarch64-none/x86_64-oesdk-linux/usr/bin/aarch64-xilinx-elf/../../lib/aarch64-xilinx-elf/gcc/aarch64-xilinx-elf/13.3.0/:/tools/Xilinx/2025.1/gnu/aarch64/lin/aarch64-none/x86_64-oesdk-linux/usr/bin/aarch64-xilinx-elf/../../lib/aarch64-xilinx-elf/gcc/:/tools/Xilinx/2025.1/Vitis/gnu/aarch64/lin/aarch64-none/bin/../aarch64-xilinx-elf/usr/lib64/aarch64-xilinx-elf/13.3.0/:/tools/Xilinx/2025.1/Vitis/gnu/aarch64/lin/aarch64-none/bin/../aarch64-xilinx-elf/usr/lib64/
COLLECT_GCC_OPTIONS='--sysroot=/tools/Xilinx/2025.1/Vitis/gnu/aarch64/lin/aarch64-none/bin/../aarch64-xilinx-elf' '-mbranch-protection=none' '-D' 'SDT' '-MMD' '-MP' '-specs=/home/dllab/Desktop/trustcore_vivado/vitis/platform/zynqmp_fsbl/zynqmp_fsbl_bsp/Xilinx.spec' '-Os' '-flto' '-ffat-lto-objects' '-D' 'ARMA53_64' '-I' '/home/dllab/Desktop/trustcore_vivado/vitis/platform/zynqmp_fsbl/zynqmp_fsbl_bsp/include' '-v' '-o' 'CMakeFiles/cmTC_23eb1.dir/CMakeCCompilerABI.c.obj' '-c' '-march=armv8-a' '-mlittle-endian' '-mabi=lp64' '-dumpdir' 'CMakeFiles/cmTC_23eb1.dir/CMakeCCompilerABI.c.'
[2/2] Linking C executable cmTC_23eb1
Using built-in specs.
Reading specs from /home/dllab/Desktop/trustcore_vivado/vitis/platform/zynqmp_fsbl/zynqmp_fsbl_bsp/Xilinx.spec
COLLECT_GCC=/tools/Xilinx/2025.1/Vitis/gnu/aarch64/lin/aarch64-none/bin/../x86_64-oesdk-linux/usr/bin/aarch64-xilinx-elf/aarch64-xilinx-elf-gcc.real
COLLECT_LTO_WRAPPER=/tools/Xilinx/2025.1/gnu/aarch64/lin/aarch64-none/x86_64-oesdk-linux/usr/bin/aarch64-xilinx-elf/../../libexec/aarch64-xilinx-elf/gcc/aarch64-xilinx-elf/13.3.0/lto-wrapper
Target: aarch64-xilinx-elf
Configured with: ../../../../../../work-shared/gcc-13.3.0-r0/gcc-13.3.0/configure --build=x86_64-linux --host=x86_64-oesdk-linux --target=aarch64-xilinx-elf --prefix=/usr/local/oe-sdk-hardcoded-buildpath/sysroots/x86_64-oesdk-linux/usr --exec_prefix=/usr/local/oe-sdk-hardcoded-buildpath/sysroots/x86_64-oesdk-linux/usr --bindir=/usr/local/oe-sdk-hardcoded-buildpath/sysroots/x86_64-oesdk-linux/usr/bin/aarch64-xilinx-elf --sbindir=/usr/local/oe-sdk-hardcoded-buildpath/sysroots/x86_64-oesdk-linux/usr/bin/aarch64-xilinx-elf --libexecdir=/usr/local/oe-sdk-hardcoded-buildpath/sysroots/x86_64-oesdk-linux/usr/libexec/aarch64-xilinx-elf --datadir=/usr/local/oe-sdk-hardcoded-buildpath/sysroots/x86_64-oesdk-linux/usr/share --sysconfdir=/usr/local/oe-sdk-hardcoded-buildpath/sysroots/x86_64-oesdk-linux/etc --sharedstatedir=/usr/local/oe-sdk-hardcoded-buildpath/sysroots/x86_64-oesdk-linux/com --localstatedir=/usr/local/oe-sdk-hardcoded-buildpath/sysroots/x86_64-oesdk-linux/var --libdir=/usr/local/oe-sdk-hardcoded-buildpath/sysroots/x86_64-oesdk-linux/usr/lib/aarch64-xilinx-elf --includedir=/usr/local/oe-sdk-hardcoded-buildpath/sysroots/x86_64-oesdk-linux/usr/include --oldincludedir=/usr/local/oe-sdk-hardcoded-buildpath/sysroots/x86_64-oesdk-linux/usr/include --infodir=/usr/local/oe-sdk-hardcoded-buildpath/sysroots/x86_64-oesdk-linux/usr/share/info --mandir=/usr/local/oe-sdk-hardcoded-buildpath/sysroots/x86_64-oesdk-linux/usr/share/man --disable-silent-rules --disable-dependency-tracking --with-libtool-sysroot=/host --with-gnu-ld --enable-shared --enable-languages=c,c++,fortran --enable-threads=posix --enable-multilib --enable-c99 --enable-long-long --enable-libstdcxx-pch --program-prefix=aarch64-xilinx-elf- --without-local-prefix --disable-install-libiberty --disable-libssp --enable-libitm --enable-lto --disable-bootstrap --with-system-zlib --enable-linker-build-id --with-ppl=no --with-cloog=no --enable-checking=release --enable-cheaders=c_global --without-isl --with-gxx-include-dir=/not/exist/usr/include/c++/13.3.0 --with-build-time-tools=/host-native/usr/aarch64-xilinx-elf/bin --with-sysroot=/not/exist --with-build-sysroot=/host --with-plugin-ld=ld --enable-poison-system-directories --disable-static --enable-nls --with-glibc-version=2.28 --enable-initfini-array --enable-multilib --disable-libstdcxx-pch --with-newlib --disable-threads --enable-plugins --with-gnu-as --disable-libitm --disable-tm-clone-registry --disable-multiarch --with-arch=armv8-a --with-sysroot=/not/exist
Thread model: single
Supported LTO compression algorithms: zlib zstd
gcc version 13.3.0 (GCC) 
COMPILER_PATH=/tools/Xilinx/2025.1/gnu/aarch64/lin/aarch64-none/x86_64-oesdk-linux/usr/bin/aarch64-xilinx-elf/../../libexec/aarch64-xilinx-elf/gcc/aarch64-xilinx-elf/13.3.0/:/tools/Xilinx/2025.1/gnu/aarch64/lin/aarch64-none/x86_64-oesdk-linux/usr/bin/aarch64-xilinx-elf/../../libexec/aarch64-xilinx-elf/gcc/
LIBRARY_PATH=/tools/Xilinx/2025.1/gnu/aarch64/lin/aarch64-none/x86_64-oesdk-linux/usr/bin/aarch64-xilinx-elf/../../lib/aarch64-xilinx-elf/gcc/aarch64-xilinx-elf/13.3.0/:/tools/Xilinx/2025.1/gnu/aarch64/lin/aarch64-none/x86_64-oesdk-linux/usr/bin/aarch64-xilinx-elf/../../lib/aarch64-xilinx-elf/gcc/:/tools/Xilinx/2025.1/Vitis/gnu/aarch64/lin/aarch64-none/bin/../aarch64-xilinx-elf/usr/lib64/aarch64-xilinx-elf/13.3.0/:/tools/Xilinx/2025.1/Vitis/gnu/aarch64/lin/aarch64-none/bin/../aarch64-xilinx-elf/usr/lib64/
COLLECT_GCC_OPTIONS='--sysroot=/tools/Xilinx/2025.1/Vitis/gnu/aarch64/lin/aarch64-none/bin/../aarch64-xilinx-elf' '-mbranch-protection=none' '-D' 'SDT' '-MMD' '-MP' '-specs=/home/dllab/Desktop/trustcore_vivado/vitis/platform/zynqmp_fsbl/zynqmp_fsbl_bsp/Xilinx.spec' '-Os' '-flto' '-ffat-lto-objects' '-D' 'ARMA53_64' '-I' '/home/dllab/Desktop/trustcore_vivado/vitis/platform/zynqmp_fsbl/zynqmp_fsbl_bsp/include' '-v' '-o' 'cmTC_23eb1' '-march=armv8-a' '-mlittle-endian' '-mabi=lp64' '-dumpdir' 'cmTC_23eb1.'
 /tools/Xilinx/2025.1/gnu/aarch64/lin/aarch64-none/x86_64-oesdk-linux/usr/bin/aarch64-xilinx-elf/../../libexec/aarch64-xilinx-elf/gcc/aarch64-xilinx-elf/13.3.0/collect2 -plugin /tools/Xilinx/2025.1/gnu/aarch64/lin/aarch64-none/x86_64-oesdk-linux/usr/bin/aarch64-xilinx-elf/../../libexec/aarch64-xilinx-elf/gcc/aarch64-xilinx-elf/13.3.0/liblto_plugin.so -plugin-opt=/tools/Xilinx/2025.1/gnu/aarch64/lin/aarch64-none/x86_64-oesdk-linux/usr/bin/aarch64-xilinx-elf/../../libexec/aarch64-xilinx-elf/gcc/aarch64-xilinx-elf/13.3.0/lto-wrapper -plugin-opt=-fresolution=/tmp/cc68JlOX.res -plugin-opt=-pass-through=-lgcc -plugin-opt=-pass-through=-lc -plugin-opt=-pass-through=-lgcc -flto --sysroot=/tools/Xilinx/2025.1/Vitis/gnu/aarch64/lin/aarch64-none/bin/../aarch64-xilinx-elf --build-id -EL -X -maarch64elf -o cmTC_23eb1 /tools/Xilinx/2025.1/Vitis/gnu/aarch64/lin/aarch64-none/bin/../aarch64-xilinx-elf/usr/lib64/aarch64-xilinx-elf/13.3.0/crti.o /tools/Xilinx/2025.1/Vitis/gnu/aarch64/lin/aarch64-none/bin/../aarch64-xilinx-elf/usr/lib64/aarch64-xilinx-elf/13.3.0/crtbegin.o -L/tools/Xilinx/2025.1/gnu/aarch64/lin/aarch64-none/x86_64-oesdk-linux/usr/bin/aarch64-xilinx-elf/../../lib/aarch64-xilinx-elf/gcc/aarch64-xilinx-elf/13.3.0 -L/tools/Xilinx/2025.1/gnu/aarch64/lin/aarch64-none/x86_64-oesdk-linux/usr/bin/aarch64-xilinx-elf/../../lib/aarch64-xilinx-elf/gcc -L/tools/Xilinx/2025.1/Vitis/gnu/aarch64/lin/aarch64-none/bin/../aarch64-xilinx-elf/usr/lib64/aarch64-xilinx-elf/13.3.0 -L/tools/Xilinx/2025.1/Vitis/gnu/aarch64/lin/aarch64-none/bin/../aarch64-xilinx-elf/usr/lib64 --no-warn-rwx-segment CMakeFiles/cmTC_23eb1.dir/CMakeCCompilerABI.c.obj -lgcc -lc -lgcc /tools/Xilinx/2025.1/Vitis/gnu/aarch64/lin/aarch64-none/bin/../aarch64-xilinx-elf/usr/lib64/aarch64-xilinx-elf/13.3.0/crtend.o /tools/Xilinx/2025.1/Vitis/gnu/aarch64/lin/aarch64-none/bin/../aarch64-xilinx-elf/usr/lib64/aarch64-xilinx-elf/13.3.0/crtn.o
/tools/Xilinx/2025.1/gnu/aarch64/lin/aarch64-none/x86_64-oesdk-linux/usr/bin/aarch64-xilinx-elf/../../libexec/aarch64-xilinx-elf/gcc/aarch64-xilinx-elf/13.3.0/lto-wrapper -fresolution=/tmp/cc68JlOX.res -flinker-output=exec CMakeFiles/cmTC_23eb1.dir/CMakeCCompilerABI.c.obj 
/tools/Xilinx/2025.1/gnu/aarch64/lin/aarch64-none/x86_64-oesdk-linux/usr/bin/aarch64-xilinx-elf/../../libexec/aarch64-xilinx-elf/gcc/aarch64-xilinx-elf/13.3.0/lto-wrapper.real -fresolution=/tmp/cc68JlOX.res -flinker-output=exec CMakeFiles/cmTC_23eb1.dir/CMakeCCompilerABI.c.obj 
/tools/Xilinx/2025.1/Vitis/gnu/aarch64/lin/aarch64-none/bin/../x86_64-oesdk-linux/usr/bin/aarch64-xilinx-elf/aarch64-xilinx-elf-gcc @/tmp/ccKNCeYA
Using built-in specs.
Reading specs from /home/dllab/Desktop/trustcore_vivado/vitis/platform/zynqmp_fsbl/zynqmp_fsbl_bsp/Xilinx.spec
COLLECT_GCC=/tools/Xilinx/2025.1/Vitis/gnu/aarch64/lin/aarch64-none/bin/../x86_64-oesdk-linux/usr/bin/aarch64-xilinx-elf/aarch64-xilinx-elf-gcc.real
Target: aarch64-xilinx-elf
Configured with: ../../../../../../work-shared/gcc-13.3.0-r0/gcc-13.3.0/configure --build=x86_64-linux --host=x86_64-oesdk-linux --target=aarch64-xilinx-elf --prefix=/usr/local/oe-sdk-hardcoded-buildpath/sysroots/x86_64-oesdk-linux/usr --exec_prefix=/usr/local/oe-sdk-hardcoded-buildpath/sysroots/x86_64-oesdk-linux/usr --bindir=/usr/local/oe-sdk-hardcoded-buildpath/sysroots/x86_64-oesdk-linux/usr/bin/aarch64-xilinx-elf --sbindir=/usr/local/oe-sdk-hardcoded-buildpath/sysroots/x86_64-oesdk-linux/usr/bin/aarch64-xilinx-elf --libexecdir=/usr/local/oe-sdk-hardcoded-buildpath/sysroots/x86_64-oesdk-linux/usr/libexec/aarch64-xilinx-elf --datadir=/usr/local/oe-sdk-hardcoded-buildpath/sysroots/x86_64-oesdk-linux/usr/share --sysconfdir=/usr/local/oe-sdk-hardcoded-buildpath/sysroots/x86_64-oesdk-linux/etc --sharedstatedir=/usr/local/oe-sdk-hardcoded-buildpath/sysroots/x86_64-oesdk-linux/com --localstatedir=/usr/local/oe-sdk-hardcoded-buildpath/sysroots/x86_64-oesdk-linux/var --libdir=/usr/local/oe-sdk-hardcoded-buildpath/sysroots/x86_64-oesdk-linux/usr/lib/aarch64-xilinx-elf --includedir=/usr/local/oe-sdk-hardcoded-buildpath/sysroots/x86_64-oesdk-linux/usr/include --oldincludedir=/usr/local/oe-sdk-hardcoded-buildpath/sysroots/x86_64-oesdk-linux/usr/include --infodir=/usr/local/oe-sdk-hardcoded-buildpath/sysroots/x86_64-oesdk-linux/usr/share/info --mandir=/usr/local/oe-sdk-hardcoded-buildpath/sysroots/x86_64-oesdk-linux/usr/share/man --disable-silent-rules --disable-dependency-tracking --with-libtool-sysroot=/host --with-gnu-ld --enable-shared --enable-languages=c,c++,fortran --enable-threads=posix --enable-multilib --enable-c99 --enable-long-long --enable-libstdcxx-pch --program-prefix=aarch64-xilinx-elf- --without-local-prefix --disable-install-libiberty --disable-libssp --enable-libitm --enable-lto --disable-bootstrap --with-system-zlib --enable-linker-build-id --with-ppl=no --with-cloog=no --enable-checking=release --enable-cheaders=c_global --without-isl --with-gxx-include-dir=/not/exist/usr/include/c++/13.3.0 --with-build-time-tools=/host-native/usr/aarch64-xilinx-elf/bin --with-sysroot=/not/exist --with-build-sysroot=/host --with-plugin-ld=ld --enable-poison-system-directories --disable-static --enable-nls --with-glibc-version=2.28 --enable-initfini-array --enable-multilib --disable-libstdcxx-pch --with-newlib --disable-threads --enable-plugins --with-gnu-as --disable-libitm --disable-tm-clone-registry --disable-multiarch --with-arch=armv8-a --with-sysroot=/not/exist
Thread model: single
Supported LTO compression algorithms: zlib zstd
gcc version 13.3.0 (GCC) 
COLLECT_GCC_OPTIONS='-c' '-fno-openmp' '-fno-openacc' '-fno-pie' '-fcf-protection=none' '-mbranch-protection=none' '-mlittle-endian' '-mabi=lp64' '-Os' '--sysroot=/tools/Xilinx/2025.1/Vitis/gnu/aarch64/lin/aarch64-none/bin/../aarch64-xilinx-elf' '-mbranch-protection=none' '-specs=/home/dllab/Desktop/trustcore_vivado/vitis/platform/zynqmp_fsbl/zynqmp_fsbl_bsp/Xilinx.spec' '-Os' '-ffat-lto-objects' '-v' '-march=armv8-a' '-mlittle-endian' '-mabi=lp64'   '-fltrans-output-list=/tmp/cc6am2R1.ltrans.out' '-fwpa' '-fresolution=/tmp/cc68JlOX.res' '-flinker-output=exec'
 /tools/Xilinx/2025.1/gnu/aarch64/lin/aarch64-none/x86_64-oesdk-linux/usr/bin/aarch64-xilinx-elf/../../lib/aarch64-xilinx-elf/gcc/../../../libexec/aarch64-xilinx-elf/gcc/aarch64-xilinx-elf/13.3.0/lto1 -quiet -dumpbase ./cmTC_23eb1.wpa -mbranch-protection=none -mlittle-endian -mabi=lp64 -mbranch-protection=none -march=armv8-a -mlittle-endian -mabi=lp64 -Os -Os -version -fno-openmp -fno-openacc -fno-pie -fcf-protection=none -ffat-lto-objects -fltrans-output-list=/tmp/cc6am2R1.ltrans.out -fwpa -fresolution=/tmp/cc68JlOX.res -flinker-output=exec @/tmp/ccqBojPF
GNU GIMPLE (GCC) version 13.3.0 (aarch64-xilinx-elf)
	compiled by GNU C version 13.3.0, GMP version 6.3.0, MPFR version 4.2.1, MPC version 1.3.1, isl version none
GGC heuristics: --param ggc-min-expand=100 --param ggc-min-heapsize=131072
COMPILER_PATH=/tools/Xilinx/2025.1/gnu/aarch64/lin/aarch64-none/x86_64-oesdk-linux/usr/bin/aarch64-xilinx-elf/../../lib/aarch64-xilinx-elf/gcc/../../../libexec/aarch64-xilinx-elf/gcc/aarch64-xilinx-elf/13.3.0/:/tools/Xilinx/2025.1/gnu/aarch64/lin/aarch64-none/x86_64-oesdk-linux/usr/bin/aarch64-xilinx-elf/../../lib/aarch64-xilinx-elf/gcc/../../../libexec/aarch64-xilinx-elf/gcc/:/tools/Xilinx/2025.1/gnu/aarch64/lin/aarch64-none/x86_64-oesdk-linux/usr/bin/aarch64-xilinx-elf/../../libexec/aarch64-xilinx-elf/gcc/aarch64-xilinx-elf/13.3.0/:/tools/Xilinx/2025.1/gnu/aarch64/lin/aarch64-none/x86_64-oesdk-linux/usr/bin/aarch64-xilinx-elf/../../libexec/aarch64-xilinx-elf/gcc/aarch64-xilinx-elf/13.3.0/:/tools/Xilinx/2025.1/gnu/aarch64/lin/aarch64-none/x86_64-oesdk-linux/usr/bin/aarch64-xilinx-elf/../../libexec/aarch64-xilinx-elf/gcc/
LIBRARY_PATH=/tools/Xilinx/2025.1/gnu/aarch64/lin/aarch64-none/x86_64-oesdk-linux/usr/bin/aarch64-xilinx-elf/../../lib/aarch64-xilinx-elf/gcc/aarch64-xilinx-elf/13.3.0/:/tools/Xilinx/2025.1/gnu/aarch64/lin/aarch64-none/x86_64-oesdk-linux/usr/bin/aarch64-xilinx-elf/../../lib/aarch64-xilinx-elf/gcc/:/tools/Xilinx/2025.1/Vitis/gnu/aarch64/lin/aarch64-none/bin/../aarch64-xilinx-elf/usr/lib64/aarch64-xilinx-elf/13.3.0/:/tools/Xilinx/2025.1/Vitis/gnu/aarch64/lin/aarch64-none/bin/../aarch64-xilinx-elf/usr/lib64/
COLLECT_GCC_OPTIONS='-c' '-fno-openmp' '-fno-openacc' '-fno-pie' '-fcf-protection=none' '-mbranch-protection=none' '-mlittle-endian' '-mabi=lp64' '-Os' '--sysroot=/tools/Xilinx/2025.1/Vitis/gnu/aarch64/lin/aarch64-none/bin/../aarch64-xilinx-elf' '-mbranch-protection=none' '-specs=/home/dllab/Desktop/trustcore_vivado/vitis/platform/zynqmp_fsbl/zynqmp_fsbl_bsp/Xilinx.spec' '-Os' '-ffat-lto-objects' '-v' '-march=armv8-a' '-mlittle-endian' '-mabi=lp64'   '-fltrans-output-list=/tmp/cc6am2R1.ltrans.out' '-fwpa' '-fresolution=/tmp/cc68JlOX.res' '-flinker-output=exec' '-dumpdir' './cmTC_23eb1.wpa.'
/tools/Xilinx/2025.1/Vitis/gnu/aarch64/lin/aarch64-none/bin/../x86_64-oesdk-linux/usr/bin/aarch64-xilinx-elf/aarch64-xilinx-elf-gcc @/tmp/cc7ircdi
Using built-in specs.
Reading specs from /home/dllab/Desktop/trustcore_vivado/vitis/platform/zynqmp_fsbl/zynqmp_fsbl_bsp/Xilinx.spec
COLLECT_GCC=/tools/Xilinx/2025.1/Vitis/gnu/aarch64/lin/aarch64-none/bin/../x86_64-oesdk-linux/usr/bin/aarch64-xilinx-elf/aarch64-xilinx-elf-gcc.real
Target: aarch64-xilinx-elf
Configured with: ../../../../../../work-shared/gcc-13.3.0-r0/gcc-13.3.0/configure --build=x86_64-linux --host=x86_64-oesdk-linux --target=aarch64-xilinx-elf --prefix=/usr/local/oe-sdk-hardcoded-buildpath/sysroots/x86_64-oesdk-linux/usr --exec_prefix=/usr/local/oe-sdk-hardcoded-buildpath/sysroots/x86_64-oesdk-linux/usr --bindir=/usr/local/oe-sdk-hardcoded-buildpath/sysroots/x86_64-oesdk-linux/usr/bin/aarch64-xilinx-elf --sbindir=/usr/local/oe-sdk-hardcoded-buildpath/sysroots/x86_64-oesdk-linux/usr/bin/aarch64-xilinx-elf --libexecdir=/usr/local/oe-sdk-hardcoded-buildpath/sysroots/x86_64-oesdk-linux/usr/libexec/aarch64-xilinx-elf --datadir=/usr/local/oe-sdk-hardcoded-buildpath/sysroots/x86_64-oesdk-linux/usr/share --sysconfdir=/usr/local/oe-sdk-hardcoded-buildpath/sysroots/x86_64-oesdk-linux/etc --sharedstatedir=/usr/local/oe-sdk-hardcoded-buildpath/sysroots/x86_64-oesdk-linux/com --localstatedir=/usr/local/oe-sdk-hardcoded-buildpath/sysroots/x86_64-oesdk-linux/var --libdir=/usr/local/oe-sdk-hardcoded-buildpath/sysroots/x86_64-oesdk-linux/usr/lib/aarch64-xilinx-elf --includedir=/usr/local/oe-sdk-hardcoded-buildpath/sysroots/x86_64-oesdk-linux/usr/include --oldincludedir=/usr/local/oe-sdk-hardcoded-buildpath/sysroots/x86_64-oesdk-linux/usr/include --infodir=/usr/local/oe-sdk-hardcoded-buildpath/sysroots/x86_64-oesdk-linux/usr/share/info --mandir=/usr/local/oe-sdk-hardcoded-buildpath/sysroots/x86_64-oesdk-linux/usr/share/man --disable-silent-rules --disable-dependency-tracking --with-libtool-sysroot=/host --with-gnu-ld --enable-shared --enable-languages=c,c++,fortran --enable-threads=posix --enable-multilib --enable-c99 --enable-long-long --enable-libstdcxx-pch --program-prefix=aarch64-xilinx-elf- --without-local-prefix --disable-install-libiberty --disable-libssp --enable-libitm --enable-lto --disable-bootstrap --with-system-zlib --enable-linker-build-id --with-ppl=no --with-cloog=no --enable-checking=release --enable-cheaders=c_global --without-isl --with-gxx-include-dir=/not/exist/usr/include/c++/13.3.0 --with-build-time-tools=/host-native/usr/aarch64-xilinx-elf/bin --with-sysroot=/not/exist --with-build-sysroot=/host --with-plugin-ld=ld --enable-poison-system-directories --disable-static --enable-nls --with-glibc-version=2.28 --enable-initfini-array --enable-multilib --disable-libstdcxx-pch --with-newlib --disable-threads --enable-plugins --with-gnu-as --disable-libitm --disable-tm-clone-registry --disable-multiarch --with-arch=armv8-a --with-sysroot=/not/exist
Thread model: single
Supported LTO compression algorithms: zlib zstd
gcc version 13.3.0 (GCC) 
COLLECT_GCC_OPTIONS='-c' '-fno-openmp' '-fno-openacc' '-fno-pie' '-fcf-protection=none' '-mbranch-protection=none' '-mlittle-endian' '-mabi=lp64' '-Os' '--sysroot=/tools/Xilinx/2025.1/Vitis/gnu/aarch64/lin/aarch64-none/bin/../aarch64-xilinx-elf' '-mbranch-protection=none' '-specs=/home/dllab/Desktop/trustcore_vivado/vitis/platform/zynqmp_fsbl/zynqmp_fsbl_bsp/Xilinx.spec' '-Os' '-ffat-lto-objects' '-v' '-march=armv8-a' '-mlittle-endian' '-mabi=lp64'   '-fltrans' '-o' '/tmp/cc6am2R1.ltrans0.ltrans.o'
 /tools/Xilinx/2025.1/gnu/aarch64/lin/aarch64-none/x86_64-oesdk-linux/usr/bin/aarch64-xilinx-elf/../../lib/aarch64-xilinx-elf/gcc/../../../libexec/aarch64-xilinx-elf/gcc/aarch64-xilinx-elf/13.3.0/lto1 -quiet -dumpbase ./cmTC_23eb1.ltrans0.ltrans -mbranch-protection=none -mlittle-endian -mabi=lp64 -mbranch-protection=none -march=armv8-a -mlittle-endian -mabi=lp64 -Os -Os -version -fno-openmp -fno-openacc -fno-pie -fcf-protection=none -ffat-lto-objects -fltrans @/tmp/ccd6AHz3 -o /tmp/cctjlRT8.s
GNU GIMPLE (GCC) version 13.3.0 (aarch64-xilinx-elf)
	compiled by GNU C version 13.3.0, GMP version 6.3.0, MPFR version 4.2.1, MPC version 1.3.1, isl version none
GGC heuristics: --param ggc-min-expand=100 --param ggc-min-heapsize=131072
COLLECT_GCC_OPTIONS='-c' '-fno-openmp' '-fno-openacc' '-fno-pie' '-fcf-protection=none' '-mbranch-protection=none' '-mlittle-endian' '-mabi=lp64' '-Os' '--sysroot=/tools/Xilinx/2025.1/Vitis/gnu/aarch64/lin/aarch64-none/bin/../aarch64-xilinx-elf' '-mbranch-protection=none' '-specs=/home/dllab/Desktop/trustcore_vivado/vitis/platform/zynqmp_fsbl/zynqmp_fsbl_bsp/Xilinx.spec' '-Os' '-ffat-lto-objects' '-v' '-march=armv8-a' '-mlittle-endian' '-mabi=lp64'   '-fltrans' '-o' '/tmp/cc6am2R1.ltrans0.ltrans.o'
 /tools/Xilinx/2025.1/gnu/aarch64/lin/aarch64-none/x86_64-oesdk-linux/usr/bin/aarch64-xilinx-elf/../../lib/aarch64-xilinx-elf/gcc/../../../libexec/aarch64-xilinx-elf/gcc/aarch64-xilinx-elf/13.3.0/as -v -EL -march=armv8-a -mabi=lp64 -mabi=lp64 -o /tmp/cc6am2R1.ltrans0.ltrans.o /tmp/cctjlRT8.s
GNU assembler version 2.42.0 (aarch64-xilinx-elf) using BFD version (GNU Binutils) 2.42.0.20240723
COMPILER_PATH=/tools/Xilinx/2025.1/gnu/aarch64/lin/aarch64-none/x86_64-oesdk-linux/usr/bin/aarch64-xilinx-elf/../../lib/aarch64-xilinx-elf/gcc/../../../libexec/aarch64-xilinx-elf/gcc/aarch64-xilinx-elf/13.3.0/:/tools/Xilinx/2025.1/gnu/aarch64/lin/aarch64-none/x86_64-oesdk-linux/usr/bin/aarch64-xilinx-elf/../../lib/aarch64-xilinx-elf/gcc/../../../libexec/aarch64-xilinx-elf/gcc/:/tools/Xilinx/2025.1/gnu/aarch64/lin/aarch64-none/x86_64-oesdk-linux/usr/bin/aarch64-xilinx-elf/../../libexec/aarch64-xilinx-elf/gcc/aarch64-xilinx-elf/13.3.0/:/tools/Xilinx/2025.1/gnu/aarch64/lin/aarch64-none/x86_64-oesdk-linux/usr/bin/aarch64-xilinx-elf/../../libexec/aarch64-xilinx-elf/gcc/aarch64-xilinx-elf/13.3.0/:/tools/Xilinx/2025.1/gnu/aarch64/lin/aarch64-none/x86_64-oesdk-linux/usr/bin/aarch64-xilinx-elf/../../libexec/aarch64-xilinx-elf/gcc/
LIBRARY_PATH=/tools/Xilinx/2025.1/gnu/aarch64/lin/aarch64-none/x86_64-oesdk-linux/usr/bin/aarch64-xilinx-elf/../../lib/aarch64-xilinx-elf/gcc/aarch64-xilinx-elf/13.3.0/:/tools/Xilinx/2025.1/gnu/aarch64/lin/aarch64-none/x86_64-oesdk-linux/usr/bin/aarch64-xilinx-elf/../../lib/aarch64-xilinx-elf/gcc/:/tools/Xilinx/2025.1/Vitis/gnu/aarch64/lin/aarch64-none/bin/../aarch64-xilinx-elf/usr/lib64/aarch64-xilinx-elf/13.3.0/:/tools/Xilinx/2025.1/Vitis/gnu/aarch64/lin/aarch64-none/bin/../aarch64-xilinx-elf/usr/lib64/
COLLECT_GCC_OPTIONS='-c' '-fno-openmp' '-fno-openacc' '-fno-pie' '-fcf-protection=none' '-mbranch-protection=none' '-mlittle-endian' '-mabi=lp64' '-Os' '--sysroot=/tools/Xilinx/2025.1/Vitis/gnu/aarch64/lin/aarch64-none/bin/../aarch64-xilinx-elf' '-mbranch-protection=none' '-specs=/home/dllab/Desktop/trustcore_vivado/vitis/platform/zynqmp_fsbl/zynqmp_fsbl_bsp/Xilinx.spec' '-Os' '-ffat-lto-objects' '-v' '-march=armv8-a' '-mlittle-endian' '-mabi=lp64'   '-fltrans' '-o' '/tmp/cc6am2R1.ltrans0.ltrans.o' '-dumpdir' './cmTC_23eb1.ltrans0.ltrans.'
/tools/Xilinx/2025.1/gnu/aarch64/lin/aarch64-none/x86_64-oesdk-linux/usr/bin/aarch64-xilinx-elf/aarch64-xilinx-elf-ld.real: warning: cannot find entry symbol _start; defaulting to 0000000000400060
COLLECT_GCC_OPTIONS='--sysroot=/tools/Xilinx/2025.1/Vitis/gnu/aarch64/lin/aarch64-none/bin/../aarch64-xilinx-elf' '-mbranch-protection=none' '-D' 'SDT' '-MMD' '-MP' '-specs=/home/dllab/Desktop/trustcore_vivado/vitis/platform/zynqmp_fsbl/zynqmp_fsbl_bsp/Xilinx.spec' '-Os' '-flto' '-ffat-lto-objects' '-D' 'ARMA53_64' '-I' '/home/dllab/Desktop/trustcore_vivado/vitis/platform/zynqmp_fsbl/zynqmp_fsbl_bsp/include' '-v' '-o' 'cmTC_23eb1' '-march=armv8-a' '-mlittle-endian' '-mabi=lp64' '-dumpdir' 'cmTC_23eb1.'



Parsed C implicit include dir info from above output: rv=done
  found start of include info
  found start of implicit include info
    add: [/home/dllab/Desktop/trustcore_vivado/vitis/platform/zynqmp_fsbl/zynqmp_fsbl_bsp/include]
    add: [/tools/Xilinx/2025.1/gnu/aarch64/lin/aarch64-none/x86_64-oesdk-linux/usr/bin/aarch64-xilinx-elf/../../lib/aarch64-xilinx-elf/gcc/aarch64-xilinx-elf/13.3.0/include]
    add: [/tools/Xilinx/2025.1/gnu/aarch64/lin/aarch64-none/x86_64-oesdk-linux/usr/bin/aarch64-xilinx-elf/../../lib/aarch64-xilinx-elf/gcc/aarch64-xilinx-elf/13.3.0/include-fixed]
    add: [/tools/Xilinx/2025.1/Vitis/gnu/aarch64/lin/aarch64-none/bin/../aarch64-xilinx-elf/usr/include/]
  end of search list found
  collapse include dir [/home/dllab/Desktop/trustcore_vivado/vitis/platform/zynqmp_fsbl/zynqmp_fsbl_bsp/include] ==> [/home/dllab/Desktop/trustcore_vivado/vitis/platform/zynqmp_fsbl/zynqmp_fsbl_bsp/include]
  collapse include dir [/tools/Xilinx/2025.1/gnu/aarch64/lin/aarch64-none/x86_64-oesdk-linux/usr/bin/aarch64-xilinx-elf/../../lib/aarch64-xilinx-elf/gcc/aarch64-xilinx-elf/13.3.0/include] ==> [/tools/Xilinx/2025.1/gnu/aarch64/lin/aarch64-none/x86_64-oesdk-linux/usr/lib/aarch64-xilinx-elf/gcc/aarch64-xilinx-elf/13.3.0/include]
  collapse include dir [/tools/Xilinx/2025.1/gnu/aarch64/lin/aarch64-none/x86_64-oesdk-linux/usr/bin/aarch64-xilinx-elf/../../lib/aarch64-xilinx-elf/gcc/aarch64-xilinx-elf/13.3.0/include-fixed] ==> [/tools/Xilinx/2025.1/gnu/aarch64/lin/aarch64-none/x86_64-oesdk-linux/usr/lib/aarch64-xilinx-elf/gcc/aarch64-xilinx-elf/13.3.0/include-fixed]
  collapse include dir [/tools/Xilinx/2025.1/Vitis/gnu/aarch64/lin/aarch64-none/bin/../aarch64-xilinx-elf/usr/include/] ==> [/tools/Xilinx/2025.1/Vitis/gnu/aarch64/lin/aarch64-none/aarch64-xilinx-elf/usr/include]
  implicit include dirs: [/home/dllab/Desktop/trustcore_vivado/vitis/platform/zynqmp_fsbl/zynqmp_fsbl_bsp/include;/tools/Xilinx/2025.1/gnu/aarch64/lin/aarch64-none/x86_64-oesdk-linux/usr/lib/aarch64-xilinx-elf/gcc/aarch64-xilinx-elf/13.3.0/include;/tools/Xilinx/2025.1/gnu/aarch64/lin/aarch64-none/x86_64-oesdk-linux/usr/lib/aarch64-xilinx-elf/gcc/aarch64-xilinx-elf/13.3.0/include-fixed;/tools/Xilinx/2025.1/Vitis/gnu/aarch64/lin/aarch64-none/aarch64-xilinx-elf/usr/include]


Parsed C implicit link information from above output:
  link line regex: [^( *|.*[/\])(aarch64-none-elf-ld|CMAKE_LINK_STARTFILE-NOTFOUND|([^/\]+-)?ld|collect2)[^/\]*( |$)]
  ignore line: [Change Dir: /home/dllab/Desktop/trustcore_vivado/vitis/platform/zynqmp_fsbl/build/CMakeFiles/CMakeTmp]
  ignore line: []
  ignore line: [Run Build Command(s):/tools/Xilinx/2025.1/Vitis/bin/ninja cmTC_23eb1 && [1/2] Building C object CMakeFiles/cmTC_23eb1.dir/CMakeCCompilerABI.c.obj]
  ignore line: [Using built-in specs.]
  ignore line: [Reading specs from /home/dllab/Desktop/trustcore_vivado/vitis/platform/zynqmp_fsbl/zynqmp_fsbl_bsp/Xilinx.spec]
  ignore line: [COLLECT_GCC=/tools/Xilinx/2025.1/Vitis/gnu/aarch64/lin/aarch64-none/bin/../x86_64-oesdk-linux/usr/bin/aarch64-xilinx-elf/aarch64-xilinx-elf-gcc.real]
  ignore line: [Target: aarch64-xilinx-elf]
  ignore line: [Configured with: ../../../../../../work-shared/gcc-13.3.0-r0/gcc-13.3.0/configure --build=x86_64-linux --host=x86_64-oesdk-linux --target=aarch64-xilinx-elf --prefix=/usr/local/oe-sdk-hardcoded-buildpath/sysroots/x86_64-oesdk-linux/usr --exec_prefix=/usr/local/oe-sdk-hardcoded-buildpath/sysroots/x86_64-oesdk-linux/usr --bindir=/usr/local/oe-sdk-hardcoded-buildpath/sysroots/x86_64-oesdk-linux/usr/bin/aarch64-xilinx-elf --sbindir=/usr/local/oe-sdk-hardcoded-buildpath/sysroots/x86_64-oesdk-linux/usr/bin/aarch64-xilinx-elf --libexecdir=/usr/local/oe-sdk-hardcoded-buildpath/sysroots/x86_64-oesdk-linux/usr/libexec/aarch64-xilinx-elf --datadir=/usr/local/oe-sdk-hardcoded-buildpath/sysroots/x86_64-oesdk-linux/usr/share --sysconfdir=/usr/local/oe-sdk-hardcoded-buildpath/sysroots/x86_64-oesdk-linux/etc --sharedstatedir=/usr/local/oe-sdk-hardcoded-buildpath/sysroots/x86_64-oesdk-linux/com --localstatedir=/usr/local/oe-sdk-hardcoded-buildpath/sysroots/x86_64-oesdk-linux/var --libdir=/usr/local/oe-sdk-hardcoded-buildpath/sysroots/x86_64-oesdk-linux/usr/lib/aarch64-xilinx-elf --includedir=/usr/local/oe-sdk-hardcoded-buildpath/sysroots/x86_64-oesdk-linux/usr/include --oldincludedir=/usr/local/oe-sdk-hardcoded-buildpath/sysroots/x86_64-oesdk-linux/usr/include --infodir=/usr/local/oe-sdk-hardcoded-buildpath/sysroots/x86_64-oesdk-linux/usr/share/info --mandir=/usr/local/oe-sdk-hardcoded-buildpath/sysroots/x86_64-oesdk-linux/usr/share/man --disable-silent-rules --disable-dependency-tracking --with-libtool-sysroot=/host --with-gnu-ld --enable-shared --enable-languages=c,c++,fortran --enable-threads=posix --enable-multilib --enable-c99 --enable-long-long --enable-libstdcxx-pch --program-prefix=aarch64-xilinx-elf- --without-local-prefix --disable-install-libiberty --disable-libssp --enable-libitm --enable-lto --disable-bootstrap --with-system-zlib --enable-linker-build-id --with-ppl=no --with-cloog=no --enable-checking=release --enable-cheaders=c_global --without-isl --with-gxx-include-dir=/not/exist/usr/include/c++/13.3.0 --with-build-time-tools=/host-native/usr/aarch64-xilinx-elf/bin --with-sysroot=/not/exist --with-build-sysroot=/host --with-plugin-ld=ld --enable-poison-system-directories --disable-static --enable-nls --with-glibc-version=2.28 --enable-initfini-array --enable-multilib --disable-libstdcxx-pch --with-newlib --disable-threads --enable-plugins --with-gnu-as --disable-libitm --disable-tm-clone-registry --disable-multiarch --with-arch=armv8-a --with-sysroot=/not/exist]
  ignore line: [Thread model: single]
  ignore line: [Supported LTO compression algorithms: zlib zstd]
  ignore line: [gcc version 13.3.0 (GCC) ]
  ignore line: [COLLECT_GCC_OPTIONS='--sysroot=/tools/Xilinx/2025.1/Vitis/gnu/aarch64/lin/aarch64-none/bin/../aarch64-xilinx-elf' '-mbranch-protection=none' '-D' 'SDT' '-MMD' '-MP' '-specs=/home/dllab/Desktop/trustcore_vivado/vitis/platform/zynqmp_fsbl/zynqmp_fsbl_bsp/Xilinx.spec' '-Os' '-flto' '-ffat-lto-objects' '-D' 'ARMA53_64' '-I' '/home/dllab/Desktop/trustcore_vivado/vitis/platform/zynqmp_fsbl/zynqmp_fsbl_bsp/include' '-v' '-o' 'CMakeFiles/cmTC_23eb1.dir/CMakeCCompilerABI.c.obj' '-c' '-march=armv8-a' '-mlittle-endian' '-mabi=lp64' '-dumpdir' 'CMakeFiles/cmTC_23eb1.dir/']
  ignore line: [ /tools/Xilinx/2025.1/gnu/aarch64/lin/aarch64-none/x86_64-oesdk-linux/usr/bin/aarch64-xilinx-elf/../../libexec/aarch64-xilinx-elf/gcc/aarch64-xilinx-elf/13.3.0/cc1 -quiet -v -I /home/dllab/Desktop/trustcore_vivado/vitis/platform/zynqmp_fsbl/zynqmp_fsbl_bsp/include -iprefix /tools/Xilinx/2025.1/gnu/aarch64/lin/aarch64-none/x86_64-oesdk-linux/usr/bin/aarch64-xilinx-elf/../../lib/aarch64-xilinx-elf/gcc/aarch64-xilinx-elf/13.3.0/ -isysroot /tools/Xilinx/2025.1/Vitis/gnu/aarch64/lin/aarch64-none/bin/../aarch64-xilinx-elf -MMD CMakeFiles/cmTC_23eb1.dir/CMakeCCompilerABI.c.d -MP -MQ CMakeFiles/cmTC_23eb1.dir/CMakeCCompilerABI.c.obj -D SDT -D ARMA53_64 /tools/Xilinx/2025.1/tps/lnx64/cmake-3.24.2/share/cmake-3.24/Modules/CMakeCCompilerABI.c -quiet -dumpdir CMakeFiles/cmTC_23eb1.dir/ -dumpbase CMakeCCompilerABI.c.c -dumpbase-ext .c -mbranch-protection=none -march=armv8-a -mlittle-endian -mabi=lp64 -Os -version -flto -ffat-lto-objects -o /tmp/cccPYUUJ.s]
  ignore line: [GNU C17 (GCC) version 13.3.0 (aarch64-xilinx-elf)]
  ignore line: [	compiled by GNU C version 13.3.0  GMP version 6.3.0  MPFR version 4.2.1  MPC version 1.3.1  isl version none]
  ignore line: [GGC heuristics: --param ggc-min-expand=100 --param ggc-min-heapsize=131072]
  ignore line: [ignoring nonexistent directory "/tools/Xilinx/2025.1/gnu/aarch64/lin/aarch64-none/x86_64-oesdk-linux/usr/bin/aarch64-xilinx-elf/../../lib/aarch64-xilinx-elf/gcc/aarch64-xilinx-elf/13.3.0/../../../../../aarch64-xilinx-elf/include"]
  ignore line: [ignoring duplicate directory "/tools/Xilinx/2025.1/gnu/aarch64/lin/aarch64-none/x86_64-oesdk-linux/usr/bin/aarch64-xilinx-elf/../../lib/aarch64-xilinx-elf/gcc/../../../lib/aarch64-xilinx-elf/gcc/aarch64-xilinx-elf/13.3.0/include"]
  ignore line: [ignoring nonexistent directory "/tools/Xilinx/2025.1/Vitis/gnu/aarch64/lin/aarch64-none/bin/../aarch64-xilinx-elf/usr/lib64/aarch64-xilinx-elf/13.3.0/include"]
  ignore line: [ignoring nonexistent directory "/tools/Xilinx/2025.1/Vitis/gnu/aarch64/lin/aarch64-none/bin/../aarch64-xilinx-elf/usr/local/include"]
  ignore line: [ignoring duplicate directory "/tools/Xilinx/2025.1/gnu/aarch64/lin/aarch64-none/x86_64-oesdk-linux/usr/bin/aarch64-xilinx-elf/../../lib/aarch64-xilinx-elf/gcc/../../../lib/aarch64-xilinx-elf/gcc/aarch64-xilinx-elf/13.3.0/include-fixed"]
  ignore line: [ignoring nonexistent directory "/tools/Xilinx/2025.1/gnu/aarch64/lin/aarch64-none/x86_64-oesdk-linux/usr/bin/aarch64-xilinx-elf/../../lib/aarch64-xilinx-elf/gcc/../../../lib/aarch64-xilinx-elf/gcc/aarch64-xilinx-elf/13.3.0/../../../../../aarch64-xilinx-elf/include"]
  ignore line: [#include "..." search starts here:]
  ignore line: [#include <...> search starts here:]
  ignore line: [ /home/dllab/Desktop/trustcore_vivado/vitis/platform/zynqmp_fsbl/zynqmp_fsbl_bsp/include]
  ignore line: [ /tools/Xilinx/2025.1/gnu/aarch64/lin/aarch64-none/x86_64-oesdk-linux/usr/bin/aarch64-xilinx-elf/../../lib/aarch64-xilinx-elf/gcc/aarch64-xilinx-elf/13.3.0/include]
  ignore line: [ /tools/Xilinx/2025.1/gnu/aarch64/lin/aarch64-none/x86_64-oesdk-linux/usr/bin/aarch64-xilinx-elf/../../lib/aarch64-xilinx-elf/gcc/aarch64-xilinx-elf/13.3.0/include-fixed]
  ignore line: [ /tools/Xilinx/2025.1/Vitis/gnu/aarch64/lin/aarch64-none/bin/../aarch64-xilinx-elf/usr/include/]
  ignore line: [End of search list.]
  ignore line: [Compiler executable checksum: bf4f7e99d9c79ea23b0a478fa2e8108a]
  ignore line: [COLLECT_GCC_OPTIONS='--sysroot=/tools/Xilinx/2025.1/Vitis/gnu/aarch64/lin/aarch64-none/bin/../aarch64-xilinx-elf' '-mbranch-protection=none' '-D' 'SDT' '-MMD' '-MP' '-specs=/home/dllab/Desktop/trustcore_vivado/vitis/platform/zynqmp_fsbl/zynqmp_fsbl_bsp/Xilinx.spec' '-Os' '-flto' '-ffat-lto-objects' '-D' 'ARMA53_64' '-I' '/home/dllab/Desktop/trustcore_vivado/vitis/platform/zynqmp_fsbl/zynqmp_fsbl_bsp/include' '-v' '-o' 'CMakeFiles/cmTC_23eb1.dir/CMakeCCompilerABI.c.obj' '-c' '-march=armv8-a' '-mlittle-endian' '-mabi=lp64' '-dumpdir' 'CMakeFiles/cmTC_23eb1.dir/']
  ignore line: [ /tools/Xilinx/2025.1/gnu/aarch64/lin/aarch64-none/x86_64-oesdk-linux/usr/bin/aarch64-xilinx-elf/../../libexec/aarch64-xilinx-elf/gcc/aarch64-xilinx-elf/13.3.0/as -v -I /home/dllab/Desktop/trustcore_vivado/vitis/platform/zynqmp_fsbl/zynqmp_fsbl_bsp/include -EL -march=armv8-a -mabi=lp64 -o CMakeFiles/cmTC_23eb1.dir/CMakeCCompilerABI.c.obj /tmp/cccPYUUJ.s]
  ignore line: [GNU assembler version 2.42.0 (aarch64-xilinx-elf) using BFD version (GNU Binutils) 2.42.0.20240723]
  ignore line: [COMPILER_PATH=/tools/Xilinx/2025.1/gnu/aarch64/lin/aarch64-none/x86_64-oesdk-linux/usr/bin/aarch64-xilinx-elf/../../libexec/aarch64-xilinx-elf/gcc/aarch64-xilinx-elf/13.3.0/:/tools/Xilinx/2025.1/gnu/aarch64/lin/aarch64-none/x86_64-oesdk-linux/usr/bin/aarch64-xilinx-elf/../../libexec/aarch64-xilinx-elf/gcc/]
  ignore line: [LIBRARY_PATH=/tools/Xilinx/2025.1/gnu/aarch64/lin/aarch64-none/x86_64-oesdk-linux/usr/bin/aarch64-xilinx-elf/../../lib/aarch64-xilinx-elf/gcc/aarch64-xilinx-elf/13.3.0/:/tools/Xilinx/2025.1/gnu/aarch64/lin/aarch64-none/x86_64-oesdk-linux/usr/bin/aarch64-xilinx-elf/../../lib/aarch64-xilinx-elf/gcc/:/tools/Xilinx/2025.1/Vitis/gnu/aarch64/lin/aarch64-none/bin/../aarch64-xilinx-elf/usr/lib64/aarch64-xilinx-elf/13.3.0/:/tools/Xilinx/2025.1/Vitis/gnu/aarch64/lin/aarch64-none/bin/../aarch64-xilinx-elf/usr/lib64/]
  ignore line: [COLLECT_GCC_OPTIONS='--sysroot=/tools/Xilinx/2025.1/Vitis/gnu/aarch64/lin/aarch64-none/bin/../aarch64-xilinx-elf' '-mbranch-protection=none' '-D' 'SDT' '-MMD' '-MP' '-specs=/home/dllab/Desktop/trustcore_vivado/vitis/platform/zynqmp_fsbl/zynqmp_fsbl_bsp/Xilinx.spec' '-Os' '-flto' '-ffat-lto-objects' '-D' 'ARMA53_64' '-I' '/home/dllab/Desktop/trustcore_vivado/vitis/platform/zynqmp_fsbl/zynqmp_fsbl_bsp/include' '-v' '-o' 'CMakeFiles/cmTC_23eb1.dir/CMakeCCompilerABI.c.obj' '-c' '-march=armv8-a' '-mlittle-endian' '-mabi=lp64' '-dumpdir' 'CMakeFiles/cmTC_23eb1.dir/CMakeCCompilerABI.c.']
  ignore line: [[2/2] Linking C executable cmTC_23eb1]
  ignore line: [Using built-in specs.]
  ignore line: [Reading specs from /home/dllab/Desktop/trustcore_vivado/vitis/platform/zynqmp_fsbl/zynqmp_fsbl_bsp/Xilinx.spec]
  ignore line: [COLLECT_GCC=/tools/Xilinx/2025.1/Vitis/gnu/aarch64/lin/aarch64-none/bin/../x86_64-oesdk-linux/usr/bin/aarch64-xilinx-elf/aarch64-xilinx-elf-gcc.real]
  ignore line: [COLLECT_LTO_WRAPPER=/tools/Xilinx/2025.1/gnu/aarch64/lin/aarch64-none/x86_64-oesdk-linux/usr/bin/aarch64-xilinx-elf/../../libexec/aarch64-xilinx-elf/gcc/aarch64-xilinx-elf/13.3.0/lto-wrapper]
  ignore line: [Target: aarch64-xilinx-elf]
  ignore line: [Configured with: ../../../../../../work-shared/gcc-13.3.0-r0/gcc-13.3.0/configure --build=x86_64-linux --host=x86_64-oesdk-linux --target=aarch64-xilinx-elf --prefix=/usr/local/oe-sdk-hardcoded-buildpath/sysroots/x86_64-oesdk-linux/usr --exec_prefix=/usr/local/oe-sdk-hardcoded-buildpath/sysroots/x86_64-oesdk-linux/usr --bindir=/usr/local/oe-sdk-hardcoded-buildpath/sysroots/x86_64-oesdk-linux/usr/bin/aarch64-xilinx-elf --sbindir=/usr/local/oe-sdk-hardcoded-buildpath/sysroots/x86_64-oesdk-linux/usr/bin/aarch64-xilinx-elf --libexecdir=/usr/local/oe-sdk-hardcoded-buildpath/sysroots/x86_64-oesdk-linux/usr/libexec/aarch64-xilinx-elf --datadir=/usr/local/oe-sdk-hardcoded-buildpath/sysroots/x86_64-oesdk-linux/usr/share --sysconfdir=/usr/local/oe-sdk-hardcoded-buildpath/sysroots/x86_64-oesdk-linux/etc --sharedstatedir=/usr/local/oe-sdk-hardcoded-buildpath/sysroots/x86_64-oesdk-linux/com --localstatedir=/usr/local/oe-sdk-hardcoded-buildpath/sysroots/x86_64-oesdk-linux/var --libdir=/usr/local/oe-sdk-hardcoded-buildpath/sysroots/x86_64-oesdk-linux/usr/lib/aarch64-xilinx-elf --includedir=/usr/local/oe-sdk-hardcoded-buildpath/sysroots/x86_64-oesdk-linux/usr/include --oldincludedir=/usr/local/oe-sdk-hardcoded-buildpath/sysroots/x86_64-oesdk-linux/usr/include --infodir=/usr/local/oe-sdk-hardcoded-buildpath/sysroots/x86_64-oesdk-linux/usr/share/info --mandir=/usr/local/oe-sdk-hardcoded-buildpath/sysroots/x86_64-oesdk-linux/usr/share/man --disable-silent-rules --disable-dependency-tracking --with-libtool-sysroot=/host --with-gnu-ld --enable-shared --enable-languages=c,c++,fortran --enable-threads=posix --enable-multilib --enable-c99 --enable-long-long --enable-libstdcxx-pch --program-prefix=aarch64-xilinx-elf- --without-local-prefix --disable-install-libiberty --disable-libssp --enable-libitm --enable-lto --disable-bootstrap --with-system-zlib --enable-linker-build-id --with-ppl=no --with-cloog=no --enable-checking=release --enable-cheaders=c_global --without-isl --with-gxx-include-dir=/not/exist/usr/include/c++/13.3.0 --with-build-time-tools=/host-native/usr/aarch64-xilinx-elf/bin --with-sysroot=/not/exist --with-build-sysroot=/host --with-plugin-ld=ld --enable-poison-system-directories --disable-static --enable-nls --with-glibc-version=2.28 --enable-initfini-array --enable-multilib --disable-libstdcxx-pch --with-newlib --disable-threads --enable-plugins --with-gnu-as --disable-libitm --disable-tm-clone-registry --disable-multiarch --with-arch=armv8-a --with-sysroot=/not/exist]
  ignore line: [Thread model: single]
  ignore line: [Supported LTO compression algorithms: zlib zstd]
  ignore line: [gcc version 13.3.0 (GCC) ]
  ignore line: [COMPILER_PATH=/tools/Xilinx/2025.1/gnu/aarch64/lin/aarch64-none/x86_64-oesdk-linux/usr/bin/aarch64-xilinx-elf/../../libexec/aarch64-xilinx-elf/gcc/aarch64-xilinx-elf/13.3.0/:/tools/Xilinx/2025.1/gnu/aarch64/lin/aarch64-none/x86_64-oesdk-linux/usr/bin/aarch64-xilinx-elf/../../libexec/aarch64-xilinx-elf/gcc/]
  ignore line: [LIBRARY_PATH=/tools/Xilinx/2025.1/gnu/aarch64/lin/aarch64-none/x86_64-oesdk-linux/usr/bin/aarch64-xilinx-elf/../../lib/aarch64-xilinx-elf/gcc/aarch64-xilinx-elf/13.3.0/:/tools/Xilinx/2025.1/gnu/aarch64/lin/aarch64-none/x86_64-oesdk-linux/usr/bin/aarch64-xilinx-elf/../../lib/aarch64-xilinx-elf/gcc/:/tools/Xilinx/2025.1/Vitis/gnu/aarch64/lin/aarch64-none/bin/../aarch64-xilinx-elf/usr/lib64/aarch64-xilinx-elf/13.3.0/:/tools/Xilinx/2025.1/Vitis/gnu/aarch64/lin/aarch64-none/bin/../aarch64-xilinx-elf/usr/lib64/]
  ignore line: [COLLECT_GCC_OPTIONS='--sysroot=/tools/Xilinx/2025.1/Vitis/gnu/aarch64/lin/aarch64-none/bin/../aarch64-xilinx-elf' '-mbranch-protection=none' '-D' 'SDT' '-MMD' '-MP' '-specs=/home/dllab/Desktop/trustcore_vivado/vitis/platform/zynqmp_fsbl/zynqmp_fsbl_bsp/Xilinx.spec' '-Os' '-flto' '-ffat-lto-objects' '-D' 'ARMA53_64' '-I' '/home/dllab/Desktop/trustcore_vivado/vitis/platform/zynqmp_fsbl/zynqmp_fsbl_bsp/include' '-v' '-o' 'cmTC_23eb1' '-march=armv8-a' '-mlittle-endian' '-mabi=lp64' '-dumpdir' 'cmTC_23eb1.']
  link line: [ /tools/Xilinx/2025.1/gnu/aarch64/lin/aarch64-none/x86_64-oesdk-linux/usr/bin/aarch64-xilinx-elf/../../libexec/aarch64-xilinx-elf/gcc/aarch64-xilinx-elf/13.3.0/collect2 -plugin /tools/Xilinx/2025.1/gnu/aarch64/lin/aarch64-none/x86_64-oesdk-linux/usr/bin/aarch64-xilinx-elf/../../libexec/aarch64-xilinx-elf/gcc/aarch64-xilinx-elf/13.3.0/liblto_plugin.so -plugin-opt=/tools/Xilinx/2025.1/gnu/aarch64/lin/aarch64-none/x86_64-oesdk-linux/usr/bin/aarch64-xilinx-elf/../../libexec/aarch64-xilinx-elf/gcc/aarch64-xilinx-elf/13.3.0/lto-wrapper -plugin-opt=-fresolution=/tmp/cc68JlOX.res -plugin-opt=-pass-through=-lgcc -plugin-opt=-pass-through=-lc -plugin-opt=-pass-through=-lgcc -flto --sysroot=/tools/Xilinx/2025.1/Vitis/gnu/aarch64/lin/aarch64-none/bin/../aarch64-xilinx-elf --build-id -EL -X -maarch64elf -o cmTC_23eb1 /tools/Xilinx/2025.1/Vitis/gnu/aarch64/lin/aarch64-none/bin/../aarch64-xilinx-elf/usr/lib64/aarch64-xilinx-elf/13.3.0/crti.o /tools/Xilinx/2025.1/Vitis/gnu/aarch64/lin/aarch64-none/bin/../aarch64-xilinx-elf/usr/lib64/aarch64-xilinx-elf/13.3.0/crtbegin.o -L/tools/Xilinx/2025.1/gnu/aarch64/lin/aarch64-none/x86_64-oesdk-linux/usr/bin/aarch64-xilinx-elf/../../lib/aarch64-xilinx-elf/gcc/aarch64-xilinx-elf/13.3.0 -L/tools/Xilinx/2025.1/gnu/aarch64/lin/aarch64-none/x86_64-oesdk-linux/usr/bin/aarch64-xilinx-elf/../../lib/aarch64-xilinx-elf/gcc -L/tools/Xilinx/2025.1/Vitis/gnu/aarch64/lin/aarch64-none/bin/../aarch64-xilinx-elf/usr/lib64/aarch64-xilinx-elf/13.3.0 -L/tools/Xilinx/2025.1/Vitis/gnu/aarch64/lin/aarch64-none/bin/../aarch64-xilinx-elf/usr/lib64 --no-warn-rwx-segment CMakeFiles/cmTC_23eb1.dir/CMakeCCompilerABI.c.obj -lgcc -lc -lgcc /tools/Xilinx/2025.1/Vitis/gnu/aarch64/lin/aarch64-none/bin/../aarch64-xilinx-elf/usr/lib64/aarch64-xilinx-elf/13.3.0/crtend.o /tools/Xilinx/2025.1/Vitis/gnu/aarch64/lin/aarch64-none/bin/../aarch64-xilinx-elf/usr/lib64/aarch64-xilinx-elf/13.3.0/crtn.o]
    arg [/tools/Xilinx/2025.1/gnu/aarch64/lin/aarch64-none/x86_64-oesdk-linux/usr/bin/aarch64-xilinx-elf/../../libexec/aarch64-xilinx-elf/gcc/aarch64-xilinx-elf/13.3.0/collect2] ==> ignore
    arg [-plugin] ==> ignore
    arg [/tools/Xilinx/2025.1/gnu/aarch64/lin/aarch64-none/x86_64-oesdk-linux/usr/bin/aarch64-xilinx-elf/../../libexec/aarch64-xilinx-elf/gcc/aarch64-xilinx-elf/13.3.0/liblto_plugin.so] ==> ignore
    arg [-plugin-opt=/tools/Xilinx/2025.1/gnu/aarch64/lin/aarch64-none/x86_64-oesdk-linux/usr/bin/aarch64-xilinx-elf/../../libexec/aarch64-xilinx-elf/gcc/aarch64-xilinx-elf/13.3.0/lto-wrapper] ==> ignore
    arg [-plugin-opt=-fresolution=/tmp/cc68JlOX.res] ==> ignore
    arg [-plugin-opt=-pass-through=-lgcc] ==> ignore
    arg [-plugin-opt=-pass-through=-lc] ==> ignore
    arg [-plugin-opt=-pass-through=-lgcc] ==> ignore
    arg [-flto] ==> ignore
    arg [--sysroot=/tools/Xilinx/2025.1/Vitis/gnu/aarch64/lin/aarch64-none/bin/../aarch64-xilinx-elf] ==> ignore
    arg [--build-id] ==> ignore
    arg [-EL] ==> ignore
    arg [-X] ==> ignore
    arg [-maarch64elf] ==> ignore
    arg [-o] ==> ignore
    arg [cmTC_23eb1] ==> ignore
    arg [/tools/Xilinx/2025.1/Vitis/gnu/aarch64/lin/aarch64-none/bin/../aarch64-xilinx-elf/usr/lib64/aarch64-xilinx-elf/13.3.0/crti.o] ==> obj [/tools/Xilinx/2025.1/Vitis/gnu/aarch64/lin/aarch64-none/bin/../aarch64-xilinx-elf/usr/lib64/aarch64-xilinx-elf/13.3.0/crti.o]
    arg [/tools/Xilinx/2025.1/Vitis/gnu/aarch64/lin/aarch64-none/bin/../aarch64-xilinx-elf/usr/lib64/aarch64-xilinx-elf/13.3.0/crtbegin.o] ==> obj [/tools/Xilinx/2025.1/Vitis/gnu/aarch64/lin/aarch64-none/bin/../aarch64-xilinx-elf/usr/lib64/aarch64-xilinx-elf/13.3.0/crtbegin.o]
    arg [-L/tools/Xilinx/2025.1/gnu/aarch64/lin/aarch64-none/x86_64-oesdk-linux/usr/bin/aarch64-xilinx-elf/../../lib/aarch64-xilinx-elf/gcc/aarch64-xilinx-elf/13.3.0] ==> dir [/tools/Xilinx/2025.1/gnu/aarch64/lin/aarch64-none/x86_64-oesdk-linux/usr/bin/aarch64-xilinx-elf/../../lib/aarch64-xilinx-elf/gcc/aarch64-xilinx-elf/13.3.0]
    arg [-L/tools/Xilinx/2025.1/gnu/aarch64/lin/aarch64-none/x86_64-oesdk-linux/usr/bin/aarch64-xilinx-elf/../../lib/aarch64-xilinx-elf/gcc] ==> dir [/tools/Xilinx/2025.1/gnu/aarch64/lin/aarch64-none/x86_64-oesdk-linux/usr/bin/aarch64-xilinx-elf/../../lib/aarch64-xilinx-elf/gcc]
    arg [-L/tools/Xilinx/2025.1/Vitis/gnu/aarch64/lin/aarch64-none/bin/../aarch64-xilinx-elf/usr/lib64/aarch64-xilinx-elf/13.3.0] ==> dir [/tools/Xilinx/2025.1/Vitis/gnu/aarch64/lin/aarch64-none/bin/../aarch64-xilinx-elf/usr/lib64/aarch64-xilinx-elf/13.3.0]
    arg [-L/tools/Xilinx/2025.1/Vitis/gnu/aarch64/lin/aarch64-none/bin/../aarch64-xilinx-elf/usr/lib64] ==> dir [/tools/Xilinx/2025.1/Vitis/gnu/aarch64/lin/aarch64-none/bin/../aarch64-xilinx-elf/usr/lib64]
    arg [--no-warn-rwx-segment] ==> ignore
    arg [CMakeFiles/cmTC_23eb1.dir/CMakeCCompilerABI.c.obj] ==> ignore
    arg [-lgcc] ==> lib [gcc]
    arg [-lc] ==> lib [c]
    arg [-lgcc] ==> lib [gcc]
    arg [/tools/Xilinx/2025.1/Vitis/gnu/aarch64/lin/aarch64-none/bin/../aarch64-xilinx-elf/usr/lib64/aarch64-xilinx-elf/13.3.0/crtend.o] ==> obj [/tools/Xilinx/2025.1/Vitis/gnu/aarch64/lin/aarch64-none/bin/../aarch64-xilinx-elf/usr/lib64/aarch64-xilinx-elf/13.3.0/crtend.o]
    arg [/tools/Xilinx/2025.1/Vitis/gnu/aarch64/lin/aarch64-none/bin/../aarch64-xilinx-elf/usr/lib64/aarch64-xilinx-elf/13.3.0/crtn.o] ==> obj [/tools/Xilinx/2025.1/Vitis/gnu/aarch64/lin/aarch64-none/bin/../aarch64-xilinx-elf/usr/lib64/aarch64-xilinx-elf/13.3.0/crtn.o]
  collapse obj [/tools/Xilinx/2025.1/Vitis/gnu/aarch64/lin/aarch64-none/bin/../aarch64-xilinx-elf/usr/lib64/aarch64-xilinx-elf/13.3.0/crti.o] ==> [/tools/Xilinx/2025.1/Vitis/gnu/aarch64/lin/aarch64-none/aarch64-xilinx-elf/usr/lib64/aarch64-xilinx-elf/13.3.0/crti.o]
  collapse obj [/tools/Xilinx/2025.1/Vitis/gnu/aarch64/lin/aarch64-none/bin/../aarch64-xilinx-elf/usr/lib64/aarch64-xilinx-elf/13.3.0/crtbegin.o] ==> [/tools/Xilinx/2025.1/Vitis/gnu/aarch64/lin/aarch64-none/aarch64-xilinx-elf/usr/lib64/aarch64-xilinx-elf/13.3.0/crtbegin.o]
  collapse obj [/tools/Xilinx/2025.1/Vitis/gnu/aarch64/lin/aarch64-none/bin/../aarch64-xilinx-elf/usr/lib64/aarch64-xilinx-elf/13.3.0/crtend.o] ==> [/tools/Xilinx/2025.1/Vitis/gnu/aarch64/lin/aarch64-none/aarch64-xilinx-elf/usr/lib64/aarch64-xilinx-elf/13.3.0/crtend.o]
  collapse obj [/tools/Xilinx/2025.1/Vitis/gnu/aarch64/lin/aarch64-none/bin/../aarch64-xilinx-elf/usr/lib64/aarch64-xilinx-elf/13.3.0/crtn.o] ==> [/tools/Xilinx/2025.1/Vitis/gnu/aarch64/lin/aarch64-none/aarch64-xilinx-elf/usr/lib64/aarch64-xilinx-elf/13.3.0/crtn.o]
  collapse library dir [/tools/Xilinx/2025.1/gnu/aarch64/lin/aarch64-none/x86_64-oesdk-linux/usr/bin/aarch64-xilinx-elf/../../lib/aarch64-xilinx-elf/gcc/aarch64-xilinx-elf/13.3.0] ==> [/tools/Xilinx/2025.1/gnu/aarch64/lin/aarch64-none/x86_64-oesdk-linux/usr/lib/aarch64-xilinx-elf/gcc/aarch64-xilinx-elf/13.3.0]
  collapse library dir [/tools/Xilinx/2025.1/gnu/aarch64/lin/aarch64-none/x86_64-oesdk-linux/usr/bin/aarch64-xilinx-elf/../../lib/aarch64-xilinx-elf/gcc] ==> [/tools/Xilinx/2025.1/gnu/aarch64/lin/aarch64-none/x86_64-oesdk-linux/usr/lib/aarch64-xilinx-elf/gcc]
  collapse library dir [/tools/Xilinx/2025.1/Vitis/gnu/aarch64/lin/aarch64-none/bin/../aarch64-xilinx-elf/usr/lib64/aarch64-xilinx-elf/13.3.0] ==> [/tools/Xilinx/2025.1/Vitis/gnu/aarch64/lin/aarch64-none/aarch64-xilinx-elf/usr/lib64/aarch64-xilinx-elf/13.3.0]
  collapse library dir [/tools/Xilinx/2025.1/Vitis/gnu/aarch64/lin/aarch64-none/bin/../aarch64-xilinx-elf/usr/lib64] ==> [/tools/Xilinx/2025.1/Vitis/gnu/aarch64/lin/aarch64-none/aarch64-xilinx-elf/usr/lib64]
  implicit libs: [gcc;c;gcc]
  implicit objs: [/tools/Xilinx/2025.1/Vitis/gnu/aarch64/lin/aarch64-none/aarch64-xilinx-elf/usr/lib64/aarch64-xilinx-elf/13.3.0/crti.o;/tools/Xilinx/2025.1/Vitis/gnu/aarch64/lin/aarch64-none/aarch64-xilinx-elf/usr/lib64/aarch64-xilinx-elf/13.3.0/crtbegin.o;/tools/Xilinx/2025.1/Vitis/gnu/aarch64/lin/aarch64-none/aarch64-xilinx-elf/usr/lib64/aarch64-xilinx-elf/13.3.0/crtend.o;/tools/Xilinx/2025.1/Vitis/gnu/aarch64/lin/aarch64-none/aarch64-xilinx-elf/usr/lib64/aarch64-xilinx-elf/13.3.0/crtn.o]
  implicit dirs: [/tools/Xilinx/2025.1/gnu/aarch64/lin/aarch64-none/x86_64-oesdk-linux/usr/lib/aarch64-xilinx-elf/gcc/aarch64-xilinx-elf/13.3.0;/tools/Xilinx/2025.1/gnu/aarch64/lin/aarch64-none/x86_64-oesdk-linux/usr/lib/aarch64-xilinx-elf/gcc;/tools/Xilinx/2025.1/Vitis/gnu/aarch64/lin/aarch64-none/aarch64-xilinx-elf/usr/lib64/aarch64-xilinx-elf/13.3.0;/tools/Xilinx/2025.1/Vitis/gnu/aarch64/lin/aarch64-none/aarch64-xilinx-elf/usr/lib64]
  implicit fwks: []


Detecting CXX compiler ABI info compiled with the following output:
Change Dir: /home/dllab/Desktop/trustcore_vivado/vitis/platform/zynqmp_fsbl/build/CMakeFiles/CMakeTmp

Run Build Command(s):/tools/Xilinx/2025.1/Vitis/bin/ninja cmTC_91b3f && [1/2] Building CXX object CMakeFiles/cmTC_91b3f.dir/CMakeCXXCompilerABI.cpp.obj
Using built-in specs.
Reading specs from /home/dllab/Desktop/trustcore_vivado/vitis/platform/zynqmp_fsbl/zynqmp_fsbl_bsp/Xilinx.spec
COLLECT_GCC=/tools/Xilinx/2025.1/Vitis/gnu/aarch64/lin/aarch64-none/bin/../x86_64-oesdk-linux/usr/bin/aarch64-xilinx-elf/aarch64-xilinx-elf-g++.real
Target: aarch64-xilinx-elf
Configured with: ../../../../../../work-shared/gcc-13.3.0-r0/gcc-13.3.0/configure --build=x86_64-linux --host=x86_64-oesdk-linux --target=aarch64-xilinx-elf --prefix=/usr/local/oe-sdk-hardcoded-buildpath/sysroots/x86_64-oesdk-linux/usr --exec_prefix=/usr/local/oe-sdk-hardcoded-buildpath/sysroots/x86_64-oesdk-linux/usr --bindir=/usr/local/oe-sdk-hardcoded-buildpath/sysroots/x86_64-oesdk-linux/usr/bin/aarch64-xilinx-elf --sbindir=/usr/local/oe-sdk-hardcoded-buildpath/sysroots/x86_64-oesdk-linux/usr/bin/aarch64-xilinx-elf --libexecdir=/usr/local/oe-sdk-hardcoded-buildpath/sysroots/x86_64-oesdk-linux/usr/libexec/aarch64-xilinx-elf --datadir=/usr/local/oe-sdk-hardcoded-buildpath/sysroots/x86_64-oesdk-linux/usr/share --sysconfdir=/usr/local/oe-sdk-hardcoded-buildpath/sysroots/x86_64-oesdk-linux/etc --sharedstatedir=/usr/local/oe-sdk-hardcoded-buildpath/sysroots/x86_64-oesdk-linux/com --localstatedir=/usr/local/oe-sdk-hardcoded-buildpath/sysroots/x86_64-oesdk-linux/var --libdir=/usr/local/oe-sdk-hardcoded-buildpath/sysroots/x86_64-oesdk-linux/usr/lib/aarch64-xilinx-elf --includedir=/usr/local/oe-sdk-hardcoded-buildpath/sysroots/x86_64-oesdk-linux/usr/include --oldincludedir=/usr/local/oe-sdk-hardcoded-buildpath/sysroots/x86_64-oesdk-linux/usr/include --infodir=/usr/local/oe-sdk-hardcoded-buildpath/sysroots/x86_64-oesdk-linux/usr/share/info --mandir=/usr/local/oe-sdk-hardcoded-buildpath/sysroots/x86_64-oesdk-linux/usr/share/man --disable-silent-rules --disable-dependency-tracking --with-libtool-sysroot=/host --with-gnu-ld --enable-shared --enable-languages=c,c++,fortran --enable-threads=posix --enable-multilib --enable-c99 --enable-long-long --enable-libstdcxx-pch --program-prefix=aarch64-xilinx-elf- --without-local-prefix --disable-install-libiberty --disable-libssp --enable-libitm --enable-lto --disable-bootstrap --with-system-zlib --enable-linker-build-id --with-ppl=no --with-cloog=no --enable-checking=release --enable-cheaders=c_global --without-isl --with-gxx-include-dir=/not/exist/usr/include/c++/13.3.0 --with-build-time-tools=/host-native/usr/aarch64-xilinx-elf/bin --with-sysroot=/not/exist --with-build-sysroot=/host --with-plugin-ld=ld --enable-poison-system-directories --disable-static --enable-nls --with-glibc-version=2.28 --enable-initfini-array --enable-multilib --disable-libstdcxx-pch --with-newlib --disable-threads --enable-plugins --with-gnu-as --disable-libitm --disable-tm-clone-registry --disable-multiarch --with-arch=armv8-a --with-sysroot=/not/exist
Thread model: single
Supported LTO compression algorithms: zlib zstd
gcc version 13.3.0 (GCC) 
COLLECT_GCC_OPTIONS='--sysroot=/tools/Xilinx/2025.1/Vitis/gnu/aarch64/lin/aarch64-none/bin/../aarch64-xilinx-elf' '-mbranch-protection=none' '-D' 'SDT' '-MMD' '-MP' '-specs=/home/dllab/Desktop/trustcore_vivado/vitis/platform/zynqmp_fsbl/zynqmp_fsbl_bsp/Xilinx.spec' '-Os' '-flto' '-ffat-lto-objects' '-D' 'ARMA53_64' '-I' '/home/dllab/Desktop/trustcore_vivado/vitis/platform/zynqmp_fsbl/zynqmp_fsbl_bsp/include' '-v' '-o' 'CMakeFiles/cmTC_91b3f.dir/CMakeCXXCompilerABI.cpp.obj' '-c' '-march=armv8-a' '-mlittle-endian' '-mabi=lp64' '-dumpdir' 'CMakeFiles/cmTC_91b3f.dir/'
 /tools/Xilinx/2025.1/gnu/aarch64/lin/aarch64-none/x86_64-oesdk-linux/usr/bin/aarch64-xilinx-elf/../../libexec/aarch64-xilinx-elf/gcc/aarch64-xilinx-elf/13.3.0/cc1plus -quiet -v -I /home/dllab/Desktop/trustcore_vivado/vitis/platform/zynqmp_fsbl/zynqmp_fsbl_bsp/include -iprefix /tools/Xilinx/2025.1/gnu/aarch64/lin/aarch64-none/x86_64-oesdk-linux/usr/bin/aarch64-xilinx-elf/../../lib/aarch64-xilinx-elf/gcc/aarch64-xilinx-elf/13.3.0/ -isysroot /tools/Xilinx/2025.1/Vitis/gnu/aarch64/lin/aarch64-none/bin/../aarch64-xilinx-elf -MMD CMakeFiles/cmTC_91b3f.dir/CMakeCXXCompilerABI.cpp.d -MP -MQ CMakeFiles/cmTC_91b3f.dir/CMakeCXXCompilerABI.cpp.obj -D SDT -D ARMA53_64 /tools/Xilinx/2025.1/tps/lnx64/cmake-3.24.2/share/cmake-3.24/Modules/CMakeCXXCompilerABI.cpp -quiet -dumpdir CMakeFiles/cmTC_91b3f.dir/ -dumpbase CMakeCXXCompilerABI.cpp.cpp -dumpbase-ext .cpp -mbranch-protection=none -march=armv8-a -mlittle-endian -mabi=lp64 -Os -version -flto -ffat-lto-objects -o /tmp/ccooHvtE.s
GNU C++17 (GCC) version 13.3.0 (aarch64-xilinx-elf)
	compiled by GNU C version 13.3.0, GMP version 6.3.0, MPFR version 4.2.1, MPC version 1.3.1, isl version none
GGC heuristics: --param ggc-min-expand=100 --param ggc-min-heapsize=131072
ignoring nonexistent directory "/tools/Xilinx/2025.1/gnu/aarch64/lin/aarch64-none/x86_64-oesdk-linux/usr/bin/aarch64-xilinx-elf/../../lib/aarch64-xilinx-elf/gcc/aarch64-xilinx-elf/13.3.0/../../../../../aarch64-xilinx-elf/include"
ignoring duplicate directory "/tools/Xilinx/2025.1/gnu/aarch64/lin/aarch64-none/x86_64-oesdk-linux/usr/bin/aarch64-xilinx-elf/../../lib/aarch64-xilinx-elf/gcc/../../../lib/aarch64-xilinx-elf/gcc/aarch64-xilinx-elf/13.3.0/include"
ignoring nonexistent directory "/tools/Xilinx/2025.1/Vitis/gnu/aarch64/lin/aarch64-none/bin/../aarch64-xilinx-elf/usr/lib64/aarch64-xilinx-elf/13.3.0/include"
ignoring nonexistent directory "/tools/Xilinx/2025.1/Vitis/gnu/aarch64/lin/aarch64-none/bin/../aarch64-xilinx-elf/usr/local/include"
ignoring duplicate directory "/tools/Xilinx/2025.1/gnu/aarch64/lin/aarch64-none/x86_64-oesdk-linux/usr/bin/aarch64-xilinx-elf/../../lib/aarch64-xilinx-elf/gcc/../../../lib/aarch64-xilinx-elf/gcc/aarch64-xilinx-elf/13.3.0/include-fixed"
ignoring nonexistent directory "/tools/Xilinx/2025.1/gnu/aarch64/lin/aarch64-none/x86_64-oesdk-linux/usr/bin/aarch64-xilinx-elf/../../lib/aarch64-xilinx-elf/gcc/../../../lib/aarch64-xilinx-elf/gcc/aarch64-xilinx-elf/13.3.0/../../../../../aarch64-xilinx-elf/include"
#include "..." search starts here:
#include <...> search starts here:
 /home/dllab/Desktop/trustcore_vivado/vitis/platform/zynqmp_fsbl/zynqmp_fsbl_bsp/include
 /tools/Xilinx/2025.1/gnu/aarch64/lin/aarch64-none/x86_64-oesdk-linux/usr/bin/aarch64-xilinx-elf/../../lib/aarch64-xilinx-elf/gcc/aarch64-xilinx-elf/13.3.0/include
 /tools/Xilinx/2025.1/gnu/aarch64/lin/aarch64-none/x86_64-oesdk-linux/usr/bin/aarch64-xilinx-elf/../../lib/aarch64-xilinx-elf/gcc/aarch64-xilinx-elf/13.3.0/include-fixed
 /tools/Xilinx/2025.1/Vitis/gnu/aarch64/lin/aarch64-none/bin/../aarch64-xilinx-elf/usr/include/c++/13.3.0
 /tools/Xilinx/2025.1/Vitis/gnu/aarch64/lin/aarch64-none/bin/../aarch64-xilinx-elf/usr/include/c++/13.3.0/aarch64-xilinx-elf
 /tools/Xilinx/2025.1/Vitis/gnu/aarch64/lin/aarch64-none/bin/../aarch64-xilinx-elf/usr/include/c++/13.3.0/backward
 /tools/Xilinx/2025.1/Vitis/gnu/aarch64/lin/aarch64-none/bin/../aarch64-xilinx-elf/usr/include/
End of search list.
Compiler executable checksum: ad182f738cfb6404092bcf9bf3548eda
COLLECT_GCC_OPTIONS='--sysroot=/tools/Xilinx/2025.1/Vitis/gnu/aarch64/lin/aarch64-none/bin/../aarch64-xilinx-elf' '-mbranch-protection=none' '-D' 'SDT' '-MMD' '-MP' '-specs=/home/dllab/Desktop/trustcore_vivado/vitis/platform/zynqmp_fsbl/zynqmp_fsbl_bsp/Xilinx.spec' '-Os' '-flto' '-ffat-lto-objects' '-D' 'ARMA53_64' '-I' '/home/dllab/Desktop/trustcore_vivado/vitis/platform/zynqmp_fsbl/zynqmp_fsbl_bsp/include' '-v' '-o' 'CMakeFiles/cmTC_91b3f.dir/CMakeCXXCompilerABI.cpp.obj' '-c' '-march=armv8-a' '-mlittle-endian' '-mabi=lp64' '-dumpdir' 'CMakeFiles/cmTC_91b3f.dir/'
 /tools/Xilinx/2025.1/gnu/aarch64/lin/aarch64-none/x86_64-oesdk-linux/usr/bin/aarch64-xilinx-elf/../../libexec/aarch64-xilinx-elf/gcc/aarch64-xilinx-elf/13.3.0/as -v -I /home/dllab/Desktop/trustcore_vivado/vitis/platform/zynqmp_fsbl/zynqmp_fsbl_bsp/include -EL -march=armv8-a -mabi=lp64 -o CMakeFiles/cmTC_91b3f.dir/CMakeCXXCompilerABI.cpp.obj /tmp/ccooHvtE.s
GNU assembler version 2.42.0 (aarch64-xilinx-elf) using BFD version (GNU Binutils) 2.42.0.20240723
COMPILER_PATH=/tools/Xilinx/2025.1/gnu/aarch64/lin/aarch64-none/x86_64-oesdk-linux/usr/bin/aarch64-xilinx-elf/../../libexec/aarch64-xilinx-elf/gcc/aarch64-xilinx-elf/13.3.0/:/tools/Xilinx/2025.1/gnu/aarch64/lin/aarch64-none/x86_64-oesdk-linux/usr/bin/aarch64-xilinx-elf/../../libexec/aarch64-xilinx-elf/gcc/
LIBRARY_PATH=/tools/Xilinx/2025.1/gnu/aarch64/lin/aarch64-none/x86_64-oesdk-linux/usr/bin/aarch64-xilinx-elf/../../lib/aarch64-xilinx-elf/gcc/aarch64-xilinx-elf/13.3.0/:/tools/Xilinx/2025.1/gnu/aarch64/lin/aarch64-none/x86_64-oesdk-linux/usr/bin/aarch64-xilinx-elf/../../lib/aarch64-xilinx-elf/gcc/:/tools/Xilinx/2025.1/Vitis/gnu/aarch64/lin/aarch64-none/bin/../aarch64-xilinx-elf/usr/lib64/aarch64-xilinx-elf/13.3.0/:/tools/Xilinx/2025.1/Vitis/gnu/aarch64/lin/aarch64-none/bin/../aarch64-xilinx-elf/usr/lib64/
COLLECT_GCC_OPTIONS='--sysroot=/tools/Xilinx/2025.1/Vitis/gnu/aarch64/lin/aarch64-none/bin/../aarch64-xilinx-elf' '-mbranch-protection=none' '-D' 'SDT' '-MMD' '-MP' '-specs=/home/dllab/Desktop/trustcore_vivado/vitis/platform/zynqmp_fsbl/zynqmp_fsbl_bsp/Xilinx.spec' '-Os' '-flto' '-ffat-lto-objects' '-D' 'ARMA53_64' '-I' '/home/dllab/Desktop/trustcore_vivado/vitis/platform/zynqmp_fsbl/zynqmp_fsbl_bsp/include' '-v' '-o' 'CMakeFiles/cmTC_91b3f.dir/CMakeCXXCompilerABI.cpp.obj' '-c' '-march=armv8-a' '-mlittle-endian' '-mabi=lp64' '-dumpdir' 'CMakeFiles/cmTC_91b3f.dir/CMakeCXXCompilerABI.cpp.'
[2/2] Linking CXX executable cmTC_91b3f
Using built-in specs.
Reading specs from /home/dllab/Desktop/trustcore_vivado/vitis/platform/zynqmp_fsbl/zynqmp_fsbl_bsp/Xilinx.spec
COLLECT_GCC=/tools/Xilinx/2025.1/Vitis/gnu/aarch64/lin/aarch64-none/bin/../x86_64-oesdk-linux/usr/bin/aarch64-xilinx-elf/aarch64-xilinx-elf-g++.real
COLLECT_LTO_WRAPPER=/tools/Xilinx/2025.1/gnu/aarch64/lin/aarch64-none/x86_64-oesdk-linux/usr/bin/aarch64-xilinx-elf/../../libexec/aarch64-xilinx-elf/gcc/aarch64-xilinx-elf/13.3.0/lto-wrapper
Target: aarch64-xilinx-elf
Configured with: ../../../../../../work-shared/gcc-13.3.0-r0/gcc-13.3.0/configure --build=x86_64-linux --host=x86_64-oesdk-linux --target=aarch64-xilinx-elf --prefix=/usr/local/oe-sdk-hardcoded-buildpath/sysroots/x86_64-oesdk-linux/usr --exec_prefix=/usr/local/oe-sdk-hardcoded-buildpath/sysroots/x86_64-oesdk-linux/usr --bindir=/usr/local/oe-sdk-hardcoded-buildpath/sysroots/x86_64-oesdk-linux/usr/bin/aarch64-xilinx-elf --sbindir=/usr/local/oe-sdk-hardcoded-buildpath/sysroots/x86_64-oesdk-linux/usr/bin/aarch64-xilinx-elf --libexecdir=/usr/local/oe-sdk-hardcoded-buildpath/sysroots/x86_64-oesdk-linux/usr/libexec/aarch64-xilinx-elf --datadir=/usr/local/oe-sdk-hardcoded-buildpath/sysroots/x86_64-oesdk-linux/usr/share --sysconfdir=/usr/local/oe-sdk-hardcoded-buildpath/sysroots/x86_64-oesdk-linux/etc --sharedstatedir=/usr/local/oe-sdk-hardcoded-buildpath/sysroots/x86_64-oesdk-linux/com --localstatedir=/usr/local/oe-sdk-hardcoded-buildpath/sysroots/x86_64-oesdk-linux/var --libdir=/usr/local/oe-sdk-hardcoded-buildpath/sysroots/x86_64-oesdk-linux/usr/lib/aarch64-xilinx-elf --includedir=/usr/local/oe-sdk-hardcoded-buildpath/sysroots/x86_64-oesdk-linux/usr/include --oldincludedir=/usr/local/oe-sdk-hardcoded-buildpath/sysroots/x86_64-oesdk-linux/usr/include --infodir=/usr/local/oe-sdk-hardcoded-buildpath/sysroots/x86_64-oesdk-linux/usr/share/info --mandir=/usr/local/oe-sdk-hardcoded-buildpath/sysroots/x86_64-oesdk-linux/usr/share/man --disable-silent-rules --disable-dependency-tracking --with-libtool-sysroot=/host --with-gnu-ld --enable-shared --enable-languages=c,c++,fortran --enable-threads=posix --enable-multilib --enable-c99 --enable-long-long --enable-libstdcxx-pch --program-prefix=aarch64-xilinx-elf- --without-local-prefix --disable-install-libiberty --disable-libssp --enable-libitm --enable-lto --disable-bootstrap --with-system-zlib --enable-linker-build-id --with-ppl=no --with-cloog=no --enable-checking=release --enable-cheaders=c_global --without-isl --with-gxx-include-dir=/not/exist/usr/include/c++/13.3.0 --with-build-time-tools=/host-native/usr/aarch64-xilinx-elf/bin --with-sysroot=/not/exist --with-build-sysroot=/host --with-plugin-ld=ld --enable-poison-system-directories --disable-static --enable-nls --with-glibc-version=2.28 --enable-initfini-array --enable-multilib --disable-libstdcxx-pch --with-newlib --disable-threads --enable-plugins --with-gnu-as --disable-libitm --disable-tm-clone-registry --disable-multiarch --with-arch=armv8-a --with-sysroot=/not/exist
Thread model: single
Supported LTO compression algorithms: zlib zstd
gcc version 13.3.0 (GCC) 
COMPILER_PATH=/tools/Xilinx/2025.1/gnu/aarch64/lin/aarch64-none/x86_64-oesdk-linux/usr/bin/aarch64-xilinx-elf/../../libexec/aarch64-xilinx-elf/gcc/aarch64-xilinx-elf/13.3.0/:/tools/Xilinx/2025.1/gnu/aarch64/lin/aarch64-none/x86_64-oesdk-linux/usr/bin/aarch64-xilinx-elf/../../libexec/aarch64-xilinx-elf/gcc/
LIBRARY_PATH=/tools/Xilinx/2025.1/gnu/aarch64/lin/aarch64-none/x86_64-oesdk-linux/usr/bin/aarch64-xilinx-elf/../../lib/aarch64-xilinx-elf/gcc/aarch64-xilinx-elf/13.3.0/:/tools/Xilinx/2025.1/gnu/aarch64/lin/aarch64-none/x86_64-oesdk-linux/usr/bin/aarch64-xilinx-elf/../../lib/aarch64-xilinx-elf/gcc/:/tools/Xilinx/2025.1/Vitis/gnu/aarch64/lin/aarch64-none/bin/../aarch64-xilinx-elf/usr/lib64/aarch64-xilinx-elf/13.3.0/:/tools/Xilinx/2025.1/Vitis/gnu/aarch64/lin/aarch64-none/bin/../aarch64-xilinx-elf/usr/lib64/
COLLECT_GCC_OPTIONS='--sysroot=/tools/Xilinx/2025.1/Vitis/gnu/aarch64/lin/aarch64-none/bin/../aarch64-xilinx-elf' '-mbranch-protection=none' '-D' 'SDT' '-MMD' '-MP' '-specs=/home/dllab/Desktop/trustcore_vivado/vitis/platform/zynqmp_fsbl/zynqmp_fsbl_bsp/Xilinx.spec' '-Os' '-flto' '-ffat-lto-objects' '-D' 'ARMA53_64' '-I' '/home/dllab/Desktop/trustcore_vivado/vitis/platform/zynqmp_fsbl/zynqmp_fsbl_bsp/include' '-v' '-o' 'cmTC_91b3f' '-march=armv8-a' '-mlittle-endian' '-mabi=lp64' '-dumpdir' 'cmTC_91b3f.'
 /tools/Xilinx/2025.1/gnu/aarch64/lin/aarch64-none/x86_64-oesdk-linux/usr/bin/aarch64-xilinx-elf/../../libexec/aarch64-xilinx-elf/gcc/aarch64-xilinx-elf/13.3.0/collect2 -plugin /tools/Xilinx/2025.1/gnu/aarch64/lin/aarch64-none/x86_64-oesdk-linux/usr/bin/aarch64-xilinx-elf/../../libexec/aarch64-xilinx-elf/gcc/aarch64-xilinx-elf/13.3.0/liblto_plugin.so -plugin-opt=/tools/Xilinx/2025.1/gnu/aarch64/lin/aarch64-none/x86_64-oesdk-linux/usr/bin/aarch64-xilinx-elf/../../libexec/aarch64-xilinx-elf/gcc/aarch64-xilinx-elf/13.3.0/lto-wrapper -plugin-opt=-fresolution=/tmp/cc79q47r.res -plugin-opt=-pass-through=-lgcc -plugin-opt=-pass-through=-lc -plugin-opt=-pass-through=-lgcc -flto --sysroot=/tools/Xilinx/2025.1/Vitis/gnu/aarch64/lin/aarch64-none/bin/../aarch64-xilinx-elf --build-id -EL -X -maarch64elf -o cmTC_91b3f /tools/Xilinx/2025.1/Vitis/gnu/aarch64/lin/aarch64-none/bin/../aarch64-xilinx-elf/usr/lib64/aarch64-xilinx-elf/13.3.0/crti.o /tools/Xilinx/2025.1/Vitis/gnu/aarch64/lin/aarch64-none/bin/../aarch64-xilinx-elf/usr/lib64/aarch64-xilinx-elf/13.3.0/crtbegin.o -L/tools/Xilinx/2025.1/gnu/aarch64/lin/aarch64-none/x86_64-oesdk-linux/usr/bin/aarch64-xilinx-elf/../../lib/aarch64-xilinx-elf/gcc/aarch64-xilinx-elf/13.3.0 -L/tools/Xilinx/2025.1/gnu/aarch64/lin/aarch64-none/x86_64-oesdk-linux/usr/bin/aarch64-xilinx-elf/../../lib/aarch64-xilinx-elf/gcc -L/tools/Xilinx/2025.1/Vitis/gnu/aarch64/lin/aarch64-none/bin/../aarch64-xilinx-elf/usr/lib64/aarch64-xilinx-elf/13.3.0 -L/tools/Xilinx/2025.1/Vitis/gnu/aarch64/lin/aarch64-none/bin/../aarch64-xilinx-elf/usr/lib64 --no-warn-rwx-segment CMakeFiles/cmTC_91b3f.dir/CMakeCXXCompilerABI.cpp.obj -lstdc++ -lm -lgcc -lc -lgcc /tools/Xilinx/2025.1/Vitis/gnu/aarch64/lin/aarch64-none/bin/../aarch64-xilinx-elf/usr/lib64/aarch64-xilinx-elf/13.3.0/crtend.o /tools/Xilinx/2025.1/Vitis/gnu/aarch64/lin/aarch64-none/bin/../aarch64-xilinx-elf/usr/lib64/aarch64-xilinx-elf/13.3.0/crtn.o
/tools/Xilinx/2025.1/gnu/aarch64/lin/aarch64-none/x86_64-oesdk-linux/usr/bin/aarch64-xilinx-elf/../../libexec/aarch64-xilinx-elf/gcc/aarch64-xilinx-elf/13.3.0/lto-wrapper -fresolution=/tmp/cc79q47r.res -flinker-output=exec CMakeFiles/cmTC_91b3f.dir/CMakeCXXCompilerABI.cpp.obj 
/tools/Xilinx/2025.1/gnu/aarch64/lin/aarch64-none/x86_64-oesdk-linux/usr/bin/aarch64-xilinx-elf/../../libexec/aarch64-xilinx-elf/gcc/aarch64-xilinx-elf/13.3.0/lto-wrapper.real -fresolution=/tmp/cc79q47r.res -flinker-output=exec CMakeFiles/cmTC_91b3f.dir/CMakeCXXCompilerABI.cpp.obj 
/tools/Xilinx/2025.1/Vitis/gnu/aarch64/lin/aarch64-none/bin/../x86_64-oesdk-linux/usr/bin/aarch64-xilinx-elf/aarch64-xilinx-elf-g++ @/tmp/ccu2RIpJ
Using built-in specs.
Reading specs from /home/dllab/Desktop/trustcore_vivado/vitis/platform/zynqmp_fsbl/zynqmp_fsbl_bsp/Xilinx.spec
COLLECT_GCC=/tools/Xilinx/2025.1/Vitis/gnu/aarch64/lin/aarch64-none/bin/../x86_64-oesdk-linux/usr/bin/aarch64-xilinx-elf/aarch64-xilinx-elf-g++.real
Target: aarch64-xilinx-elf
Configured with: ../../../../../../work-shared/gcc-13.3.0-r0/gcc-13.3.0/configure --build=x86_64-linux --host=x86_64-oesdk-linux --target=aarch64-xilinx-elf --prefix=/usr/local/oe-sdk-hardcoded-buildpath/sysroots/x86_64-oesdk-linux/usr --exec_prefix=/usr/local/oe-sdk-hardcoded-buildpath/sysroots/x86_64-oesdk-linux/usr --bindir=/usr/local/oe-sdk-hardcoded-buildpath/sysroots/x86_64-oesdk-linux/usr/bin/aarch64-xilinx-elf --sbindir=/usr/local/oe-sdk-hardcoded-buildpath/sysroots/x86_64-oesdk-linux/usr/bin/aarch64-xilinx-elf --libexecdir=/usr/local/oe-sdk-hardcoded-buildpath/sysroots/x86_64-oesdk-linux/usr/libexec/aarch64-xilinx-elf --datadir=/usr/local/oe-sdk-hardcoded-buildpath/sysroots/x86_64-oesdk-linux/usr/share --sysconfdir=/usr/local/oe-sdk-hardcoded-buildpath/sysroots/x86_64-oesdk-linux/etc --sharedstatedir=/usr/local/oe-sdk-hardcoded-buildpath/sysroots/x86_64-oesdk-linux/com --localstatedir=/usr/local/oe-sdk-hardcoded-buildpath/sysroots/x86_64-oesdk-linux/var --libdir=/usr/local/oe-sdk-hardcoded-buildpath/sysroots/x86_64-oesdk-linux/usr/lib/aarch64-xilinx-elf --includedir=/usr/local/oe-sdk-hardcoded-buildpath/sysroots/x86_64-oesdk-linux/usr/include --oldincludedir=/usr/local/oe-sdk-hardcoded-buildpath/sysroots/x86_64-oesdk-linux/usr/include --infodir=/usr/local/oe-sdk-hardcoded-buildpath/sysroots/x86_64-oesdk-linux/usr/share/info --mandir=/usr/local/oe-sdk-hardcoded-buildpath/sysroots/x86_64-oesdk-linux/usr/share/man --disable-silent-rules --disable-dependency-tracking --with-libtool-sysroot=/host --with-gnu-ld --enable-shared --enable-languages=c,c++,fortran --enable-threads=posix --enable-multilib --enable-c99 --enable-long-long --enable-libstdcxx-pch --program-prefix=aarch64-xilinx-elf- --without-local-prefix --disable-install-libiberty --disable-libssp --enable-libitm --enable-lto --disable-bootstrap --with-system-zlib --enable-linker-build-id --with-ppl=no --with-cloog=no --enable-checking=release --enable-cheaders=c_global --without-isl --with-gxx-include-dir=/not/exist/usr/include/c++/13.3.0 --with-build-time-tools=/host-native/usr/aarch64-xilinx-elf/bin --with-sysroot=/not/exist --with-build-sysroot=/host --with-plugin-ld=ld --enable-poison-system-directories --disable-static --enable-nls --with-glibc-version=2.28 --enable-initfini-array --enable-multilib --disable-libstdcxx-pch --with-newlib --disable-threads --enable-plugins --with-gnu-as --disable-libitm --disable-tm-clone-registry --disable-multiarch --with-arch=armv8-a --with-sysroot=/not/exist
Thread model: single
Supported LTO compression algorithms: zlib zstd
gcc version 13.3.0 (GCC) 
COLLECT_GCC_OPTIONS='-c' '-fno-openmp' '-fno-openacc' '-fno-pie' '-fcf-protection=none' '-mbranch-protection=none' '-mlittle-endian' '-mabi=lp64' '-Os' '--sysroot=/tools/Xilinx/2025.1/Vitis/gnu/aarch64/lin/aarch64-none/bin/../aarch64-xilinx-elf' '-mbranch-protection=none' '-specs=/home/dllab/Desktop/trustcore_vivado/vitis/platform/zynqmp_fsbl/zynqmp_fsbl_bsp/Xilinx.spec' '-Os' '-ffat-lto-objects' '-v' '-march=armv8-a' '-mlittle-endian' '-mabi=lp64'   '-fltrans-output-list=/tmp/cc42LfMO.ltrans.out' '-fwpa' '-fresolution=/tmp/cc79q47r.res' '-flinker-output=exec'
 /tools/Xilinx/2025.1/gnu/aarch64/lin/aarch64-none/x86_64-oesdk-linux/usr/bin/aarch64-xilinx-elf/../../lib/aarch64-xilinx-elf/gcc/../../../libexec/aarch64-xilinx-elf/gcc/aarch64-xilinx-elf/13.3.0/lto1 -quiet -dumpbase ./cmTC_91b3f.wpa -mbranch-protection=none -mlittle-endian -mabi=lp64 -mbranch-protection=none -march=armv8-a -mlittle-endian -mabi=lp64 -Os -Os -version -fno-openmp -fno-openacc -fno-pie -fcf-protection=none -ffat-lto-objects -fltrans-output-list=/tmp/cc42LfMO.ltrans.out -fwpa -fresolution=/tmp/cc79q47r.res -flinker-output=exec @/tmp/ccUixJC1
GNU GIMPLE (GCC) version 13.3.0 (aarch64-xilinx-elf)
	compiled by GNU C version 13.3.0, GMP version 6.3.0, MPFR version 4.2.1, MPC version 1.3.1, isl version none
GGC heuristics: --param ggc-min-expand=100 --param ggc-min-heapsize=131072
COMPILER_PATH=/tools/Xilinx/2025.1/gnu/aarch64/lin/aarch64-none/x86_64-oesdk-linux/usr/bin/aarch64-xilinx-elf/../../lib/aarch64-xilinx-elf/gcc/../../../libexec/aarch64-xilinx-elf/gcc/aarch64-xilinx-elf/13.3.0/:/tools/Xilinx/2025.1/gnu/aarch64/lin/aarch64-none/x86_64-oesdk-linux/usr/bin/aarch64-xilinx-elf/../../lib/aarch64-xilinx-elf/gcc/../../../libexec/aarch64-xilinx-elf/gcc/:/tools/Xilinx/2025.1/gnu/aarch64/lin/aarch64-none/x86_64-oesdk-linux/usr/bin/aarch64-xilinx-elf/../../libexec/aarch64-xilinx-elf/gcc/aarch64-xilinx-elf/13.3.0/:/tools/Xilinx/2025.1/gnu/aarch64/lin/aarch64-none/x86_64-oesdk-linux/usr/bin/aarch64-xilinx-elf/../../libexec/aarch64-xilinx-elf/gcc/aarch64-xilinx-elf/13.3.0/:/tools/Xilinx/2025.1/gnu/aarch64/lin/aarch64-none/x86_64-oesdk-linux/usr/bin/aarch64-xilinx-elf/../../libexec/aarch64-xilinx-elf/gcc/
LIBRARY_PATH=/tools/Xilinx/2025.1/gnu/aarch64/lin/aarch64-none/x86_64-oesdk-linux/usr/bin/aarch64-xilinx-elf/../../lib/aarch64-xilinx-elf/gcc/aarch64-xilinx-elf/13.3.0/:/tools/Xilinx/2025.1/gnu/aarch64/lin/aarch64-none/x86_64-oesdk-linux/usr/bin/aarch64-xilinx-elf/../../lib/aarch64-xilinx-elf/gcc/:/tools/Xilinx/2025.1/Vitis/gnu/aarch64/lin/aarch64-none/bin/../aarch64-xilinx-elf/usr/lib64/aarch64-xilinx-elf/13.3.0/:/tools/Xilinx/2025.1/Vitis/gnu/aarch64/lin/aarch64-none/bin/../aarch64-xilinx-elf/usr/lib64/
COLLECT_GCC_OPTIONS='-c' '-fno-openmp' '-fno-openacc' '-fno-pie' '-fcf-protection=none' '-mbranch-protection=none' '-mlittle-endian' '-mabi=lp64' '-Os' '--sysroot=/tools/Xilinx/2025.1/Vitis/gnu/aarch64/lin/aarch64-none/bin/../aarch64-xilinx-elf' '-mbranch-protection=none' '-specs=/home/dllab/Desktop/trustcore_vivado/vitis/platform/zynqmp_fsbl/zynqmp_fsbl_bsp/Xilinx.spec' '-Os' '-ffat-lto-objects' '-v' '-march=armv8-a' '-mlittle-endian' '-mabi=lp64'   '-fltrans-output-list=/tmp/cc42LfMO.ltrans.out' '-fwpa' '-fresolution=/tmp/cc79q47r.res' '-flinker-output=exec' '-dumpdir' './cmTC_91b3f.wpa.'
/tools/Xilinx/2025.1/Vitis/gnu/aarch64/lin/aarch64-none/bin/../x86_64-oesdk-linux/usr/bin/aarch64-xilinx-elf/aarch64-xilinx-elf-g++ @/tmp/ccHIHGX1
Using built-in specs.
Reading specs from /home/dllab/Desktop/trustcore_vivado/vitis/platform/zynqmp_fsbl/zynqmp_fsbl_bsp/Xilinx.spec
COLLECT_GCC=/tools/Xilinx/2025.1/Vitis/gnu/aarch64/lin/aarch64-none/bin/../x86_64-oesdk-linux/usr/bin/aarch64-xilinx-elf/aarch64-xilinx-elf-g++.real
Target: aarch64-xilinx-elf
Configured with: ../../../../../../work-shared/gcc-13.3.0-r0/gcc-13.3.0/configure --build=x86_64-linux --host=x86_64-oesdk-linux --target=aarch64-xilinx-elf --prefix=/usr/local/oe-sdk-hardcoded-buildpath/sysroots/x86_64-oesdk-linux/usr --exec_prefix=/usr/local/oe-sdk-hardcoded-buildpath/sysroots/x86_64-oesdk-linux/usr --bindir=/usr/local/oe-sdk-hardcoded-buildpath/sysroots/x86_64-oesdk-linux/usr/bin/aarch64-xilinx-elf --sbindir=/usr/local/oe-sdk-hardcoded-buildpath/sysroots/x86_64-oesdk-linux/usr/bin/aarch64-xilinx-elf --libexecdir=/usr/local/oe-sdk-hardcoded-buildpath/sysroots/x86_64-oesdk-linux/usr/libexec/aarch64-xilinx-elf --datadir=/usr/local/oe-sdk-hardcoded-buildpath/sysroots/x86_64-oesdk-linux/usr/share --sysconfdir=/usr/local/oe-sdk-hardcoded-buildpath/sysroots/x86_64-oesdk-linux/etc --sharedstatedir=/usr/local/oe-sdk-hardcoded-buildpath/sysroots/x86_64-oesdk-linux/com --localstatedir=/usr/local/oe-sdk-hardcoded-buildpath/sysroots/x86_64-oesdk-linux/var --libdir=/usr/local/oe-sdk-hardcoded-buildpath/sysroots/x86_64-oesdk-linux/usr/lib/aarch64-xilinx-elf --includedir=/usr/local/oe-sdk-hardcoded-buildpath/sysroots/x86_64-oesdk-linux/usr/include --oldincludedir=/usr/local/oe-sdk-hardcoded-buildpath/sysroots/x86_64-oesdk-linux/usr/include --infodir=/usr/local/oe-sdk-hardcoded-buildpath/sysroots/x86_64-oesdk-linux/usr/share/info --mandir=/usr/local/oe-sdk-hardcoded-buildpath/sysroots/x86_64-oesdk-linux/usr/share/man --disable-silent-rules --disable-dependency-tracking --with-libtool-sysroot=/host --with-gnu-ld --enable-shared --enable-languages=c,c++,fortran --enable-threads=posix --enable-multilib --enable-c99 --enable-long-long --enable-libstdcxx-pch --program-prefix=aarch64-xilinx-elf- --without-local-prefix --disable-install-libiberty --disable-libssp --enable-libitm --enable-lto --disable-bootstrap --with-system-zlib --enable-linker-build-id --with-ppl=no --with-cloog=no --enable-checking=release --enable-cheaders=c_global --without-isl --with-gxx-include-dir=/not/exist/usr/include/c++/13.3.0 --with-build-time-tools=/host-native/usr/aarch64-xilinx-elf/bin --with-sysroot=/not/exist --with-build-sysroot=/host --with-plugin-ld=ld --enable-poison-system-directories --disable-static --enable-nls --with-glibc-version=2.28 --enable-initfini-array --enable-multilib --disable-libstdcxx-pch --with-newlib --disable-threads --enable-plugins --with-gnu-as --disable-libitm --disable-tm-clone-registry --disable-multiarch --with-arch=armv8-a --with-sysroot=/not/exist
Thread model: single
Supported LTO compression algorithms: zlib zstd
gcc version 13.3.0 (GCC) 
COLLECT_GCC_OPTIONS='-c' '-fno-openmp' '-fno-openacc' '-fno-pie' '-fcf-protection=none' '-mbranch-protection=none' '-mlittle-endian' '-mabi=lp64' '-Os' '--sysroot=/tools/Xilinx/2025.1/Vitis/gnu/aarch64/lin/aarch64-none/bin/../aarch64-xilinx-elf' '-mbranch-protection=none' '-specs=/home/dllab/Desktop/trustcore_vivado/vitis/platform/zynqmp_fsbl/zynqmp_fsbl_bsp/Xilinx.spec' '-Os' '-ffat-lto-objects' '-v' '-march=armv8-a' '-mlittle-endian' '-mabi=lp64'   '-fltrans' '-o' '/tmp/cc42LfMO.ltrans0.ltrans.o'
 /tools/Xilinx/2025.1/gnu/aarch64/lin/aarch64-none/x86_64-oesdk-linux/usr/bin/aarch64-xilinx-elf/../../lib/aarch64-xilinx-elf/gcc/../../../libexec/aarch64-xilinx-elf/gcc/aarch64-xilinx-elf/13.3.0/lto1 -quiet -dumpbase ./cmTC_91b3f.ltrans0.ltrans -mbranch-protection=none -mlittle-endian -mabi=lp64 -mbranch-protection=none -march=armv8-a -mlittle-endian -mabi=lp64 -Os -Os -version -fno-openmp -fno-openacc -fno-pie -fcf-protection=none -ffat-lto-objects -fltrans @/tmp/ccul0a3I -o /tmp/cc5bSgpe.s
GNU GIMPLE (GCC) version 13.3.0 (aarch64-xilinx-elf)
	compiled by GNU C version 13.3.0, GMP version 6.3.0, MPFR version 4.2.1, MPC version 1.3.1, isl version none
GGC heuristics: --param ggc-min-expand=100 --param ggc-min-heapsize=131072
COLLECT_GCC_OPTIONS='-c' '-fno-openmp' '-fno-openacc' '-fno-pie' '-fcf-protection=none' '-mbranch-protection=none' '-mlittle-endian' '-mabi=lp64' '-Os' '--sysroot=/tools/Xilinx/2025.1/Vitis/gnu/aarch64/lin/aarch64-none/bin/../aarch64-xilinx-elf' '-mbranch-protection=none' '-specs=/home/dllab/Desktop/trustcore_vivado/vitis/platform/zynqmp_fsbl/zynqmp_fsbl_bsp/Xilinx.spec' '-Os' '-ffat-lto-objects' '-v' '-march=armv8-a' '-mlittle-endian' '-mabi=lp64'   '-fltrans' '-o' '/tmp/cc42LfMO.ltrans0.ltrans.o'
 /tools/Xilinx/2025.1/gnu/aarch64/lin/aarch64-none/x86_64-oesdk-linux/usr/bin/aarch64-xilinx-elf/../../lib/aarch64-xilinx-elf/gcc/../../../libexec/aarch64-xilinx-elf/gcc/aarch64-xilinx-elf/13.3.0/as -v -EL -march=armv8-a -mabi=lp64 -mabi=lp64 -o /tmp/cc42LfMO.ltrans0.ltrans.o /tmp/cc5bSgpe.s
GNU assembler version 2.42.0 (aarch64-xilinx-elf) using BFD version (GNU Binutils) 2.42.0.20240723
COMPILER_PATH=/tools/Xilinx/2025.1/gnu/aarch64/lin/aarch64-none/x86_64-oesdk-linux/usr/bin/aarch64-xilinx-elf/../../lib/aarch64-xilinx-elf/gcc/../../../libexec/aarch64-xilinx-elf/gcc/aarch64-xilinx-elf/13.3.0/:/tools/Xilinx/2025.1/gnu/aarch64/lin/aarch64-none/x86_64-oesdk-linux/usr/bin/aarch64-xilinx-elf/../../lib/aarch64-xilinx-elf/gcc/../../../libexec/aarch64-xilinx-elf/gcc/:/tools/Xilinx/2025.1/gnu/aarch64/lin/aarch64-none/x86_64-oesdk-linux/usr/bin/aarch64-xilinx-elf/../../libexec/aarch64-xilinx-elf/gcc/aarch64-xilinx-elf/13.3.0/:/tools/Xilinx/2025.1/gnu/aarch64/lin/aarch64-none/x86_64-oesdk-linux/usr/bin/aarch64-xilinx-elf/../../libexec/aarch64-xilinx-elf/gcc/aarch64-xilinx-elf/13.3.0/:/tools/Xilinx/2025.1/gnu/aarch64/lin/aarch64-none/x86_64-oesdk-linux/usr/bin/aarch64-xilinx-elf/../../libexec/aarch64-xilinx-elf/gcc/
LIBRARY_PATH=/tools/Xilinx/2025.1/gnu/aarch64/lin/aarch64-none/x86_64-oesdk-linux/usr/bin/aarch64-xilinx-elf/../../lib/aarch64-xilinx-elf/gcc/aarch64-xilinx-elf/13.3.0/:/tools/Xilinx/2025.1/gnu/aarch64/lin/aarch64-none/x86_64-oesdk-linux/usr/bin/aarch64-xilinx-elf/../../lib/aarch64-xilinx-elf/gcc/:/tools/Xilinx/2025.1/Vitis/gnu/aarch64/lin/aarch64-none/bin/../aarch64-xilinx-elf/usr/lib64/aarch64-xilinx-elf/13.3.0/:/tools/Xilinx/2025.1/Vitis/gnu/aarch64/lin/aarch64-none/bin/../aarch64-xilinx-elf/usr/lib64/
COLLECT_GCC_OPTIONS='-c' '-fno-openmp' '-fno-openacc' '-fno-pie' '-fcf-protection=none' '-mbranch-protection=none' '-mlittle-endian' '-mabi=lp64' '-Os' '--sysroot=/tools/Xilinx/2025.1/Vitis/gnu/aarch64/lin/aarch64-none/bin/../aarch64-xilinx-elf' '-mbranch-protection=none' '-specs=/home/dllab/Desktop/trustcore_vivado/vitis/platform/zynqmp_fsbl/zynqmp_fsbl_bsp/Xilinx.spec' '-Os' '-ffat-lto-objects' '-v' '-march=armv8-a' '-mlittle-endian' '-mabi=lp64'   '-fltrans' '-o' '/tmp/cc42LfMO.ltrans0.ltrans.o' '-dumpdir' './cmTC_91b3f.ltrans0.ltrans.'
/tools/Xilinx/2025.1/gnu/aarch64/lin/aarch64-none/x86_64-oesdk-linux/usr/bin/aarch64-xilinx-elf/aarch64-xilinx-elf-ld.real: warning: cannot find entry symbol _start; defaulting to 0000000000400060
COLLECT_GCC_OPTIONS='--sysroot=/tools/Xilinx/2025.1/Vitis/gnu/aarch64/lin/aarch64-none/bin/../aarch64-xilinx-elf' '-mbranch-protection=none' '-D' 'SDT' '-MMD' '-MP' '-specs=/home/dllab/Desktop/trustcore_vivado/vitis/platform/zynqmp_fsbl/zynqmp_fsbl_bsp/Xilinx.spec' '-Os' '-flto' '-ffat-lto-objects' '-D' 'ARMA53_64' '-I' '/home/dllab/Desktop/trustcore_vivado/vitis/platform/zynqmp_fsbl/zynqmp_fsbl_bsp/include' '-v' '-o' 'cmTC_91b3f' '-march=armv8-a' '-mlittle-endian' '-mabi=lp64' '-dumpdir' 'cmTC_91b3f.'



Parsed CXX implicit include dir info from above output: rv=done
  found start of include info
  found start of implicit include info
    add: [/home/dllab/Desktop/trustcore_vivado/vitis/platform/zynqmp_fsbl/zynqmp_fsbl_bsp/include]
    add: [/tools/Xilinx/2025.1/gnu/aarch64/lin/aarch64-none/x86_64-oesdk-linux/usr/bin/aarch64-xilinx-elf/../../lib/aarch64-xilinx-elf/gcc/aarch64-xilinx-elf/13.3.0/include]
    add: [/tools/Xilinx/2025.1/gnu/aarch64/lin/aarch64-none/x86_64-oesdk-linux/usr/bin/aarch64-xilinx-elf/../../lib/aarch64-xilinx-elf/gcc/aarch64-xilinx-elf/13.3.0/include-fixed]
    add: [/tools/Xilinx/2025.1/Vitis/gnu/aarch64/lin/aarch64-none/bin/../aarch64-xilinx-elf/usr/include/c++/13.3.0]
    add: [/tools/Xilinx/2025.1/Vitis/gnu/aarch64/lin/aarch64-none/bin/../aarch64-xilinx-elf/usr/include/c++/13.3.0/aarch64-xilinx-elf]
    add: [/tools/Xilinx/2025.1/Vitis/gnu/aarch64/lin/aarch64-none/bin/../aarch64-xilinx-elf/usr/include/c++/13.3.0/backward]
    add: [/tools/Xilinx/2025.1/Vitis/gnu/aarch64/lin/aarch64-none/bin/../aarch64-xilinx-elf/usr/include/]
  end of search list found
  collapse include dir [/home/dllab/Desktop/trustcore_vivado/vitis/platform/zynqmp_fsbl/zynqmp_fsbl_bsp/include] ==> [/home/dllab/Desktop/trustcore_vivado/vitis/platform/zynqmp_fsbl/zynqmp_fsbl_bsp/include]
  collapse include dir [/tools/Xilinx/2025.1/gnu/aarch64/lin/aarch64-none/x86_64-oesdk-linux/usr/bin/aarch64-xilinx-elf/../../lib/aarch64-xilinx-elf/gcc/aarch64-xilinx-elf/13.3.0/include] ==> [/tools/Xilinx/2025.1/gnu/aarch64/lin/aarch64-none/x86_64-oesdk-linux/usr/lib/aarch64-xilinx-elf/gcc/aarch64-xilinx-elf/13.3.0/include]
  collapse include dir [/tools/Xilinx/2025.1/gnu/aarch64/lin/aarch64-none/x86_64-oesdk-linux/usr/bin/aarch64-xilinx-elf/../../lib/aarch64-xilinx-elf/gcc/aarch64-xilinx-elf/13.3.0/include-fixed] ==> [/tools/Xilinx/2025.1/gnu/aarch64/lin/aarch64-none/x86_64-oesdk-linux/usr/lib/aarch64-xilinx-elf/gcc/aarch64-xilinx-elf/13.3.0/include-fixed]
  collapse include dir [/tools/Xilinx/2025.1/Vitis/gnu/aarch64/lin/aarch64-none/bin/../aarch64-xilinx-elf/usr/include/c++/13.3.0] ==> [/tools/Xilinx/2025.1/Vitis/gnu/aarch64/lin/aarch64-none/aarch64-xilinx-elf/usr/include/c++/13.3.0]
  collapse include dir [/tools/Xilinx/2025.1/Vitis/gnu/aarch64/lin/aarch64-none/bin/../aarch64-xilinx-elf/usr/include/c++/13.3.0/aarch64-xilinx-elf] ==> [/tools/Xilinx/2025.1/Vitis/gnu/aarch64/lin/aarch64-none/aarch64-xilinx-elf/usr/include/c++/13.3.0/aarch64-xilinx-elf]
  collapse include dir [/tools/Xilinx/2025.1/Vitis/gnu/aarch64/lin/aarch64-none/bin/../aarch64-xilinx-elf/usr/include/c++/13.3.0/backward] ==> [/tools/Xilinx/2025.1/Vitis/gnu/aarch64/lin/aarch64-none/aarch64-xilinx-elf/usr/include/c++/13.3.0/backward]
  collapse include dir [/tools/Xilinx/2025.1/Vitis/gnu/aarch64/lin/aarch64-none/bin/../aarch64-xilinx-elf/usr/include/] ==> [/tools/Xilinx/2025.1/Vitis/gnu/aarch64/lin/aarch64-none/aarch64-xilinx-elf/usr/include]
  implicit include dirs: [/home/dllab/Desktop/trustcore_vivado/vitis/platform/zynqmp_fsbl/zynqmp_fsbl_bsp/include;/tools/Xilinx/2025.1/gnu/aarch64/lin/aarch64-none/x86_64-oesdk-linux/usr/lib/aarch64-xilinx-elf/gcc/aarch64-xilinx-elf/13.3.0/include;/tools/Xilinx/2025.1/gnu/aarch64/lin/aarch64-none/x86_64-oesdk-linux/usr/lib/aarch64-xilinx-elf/gcc/aarch64-xilinx-elf/13.3.0/include-fixed;/tools/Xilinx/2025.1/Vitis/gnu/aarch64/lin/aarch64-none/aarch64-xilinx-elf/usr/include/c++/13.3.0;/tools/Xilinx/2025.1/Vitis/gnu/aarch64/lin/aarch64-none/aarch64-xilinx-elf/usr/include/c++/13.3.0/aarch64-xilinx-elf;/tools/Xilinx/2025.1/Vitis/gnu/aarch64/lin/aarch64-none/aarch64-xilinx-elf/usr/include/c++/13.3.0/backward;/tools/Xilinx/2025.1/Vitis/gnu/aarch64/lin/aarch64-none/aarch64-xilinx-elf/usr/include]


Parsed CXX implicit link information from above output:
  link line regex: [^( *|.*[/\])(aarch64-none-elf-ld|CMAKE_LINK_STARTFILE-NOTFOUND|([^/\]+-)?ld|collect2)[^/\]*( |$)]
  ignore line: [Change Dir: /home/dllab/Desktop/trustcore_vivado/vitis/platform/zynqmp_fsbl/build/CMakeFiles/CMakeTmp]
  ignore line: []
  ignore line: [Run Build Command(s):/tools/Xilinx/2025.1/Vitis/bin/ninja cmTC_91b3f && [1/2] Building CXX object CMakeFiles/cmTC_91b3f.dir/CMakeCXXCompilerABI.cpp.obj]
  ignore line: [Using built-in specs.]
  ignore line: [Reading specs from /home/dllab/Desktop/trustcore_vivado/vitis/platform/zynqmp_fsbl/zynqmp_fsbl_bsp/Xilinx.spec]
  ignore line: [COLLECT_GCC=/tools/Xilinx/2025.1/Vitis/gnu/aarch64/lin/aarch64-none/bin/../x86_64-oesdk-linux/usr/bin/aarch64-xilinx-elf/aarch64-xilinx-elf-g++.real]
  ignore line: [Target: aarch64-xilinx-elf]
  ignore line: [Configured with: ../../../../../../work-shared/gcc-13.3.0-r0/gcc-13.3.0/configure --build=x86_64-linux --host=x86_64-oesdk-linux --target=aarch64-xilinx-elf --prefix=/usr/local/oe-sdk-hardcoded-buildpath/sysroots/x86_64-oesdk-linux/usr --exec_prefix=/usr/local/oe-sdk-hardcoded-buildpath/sysroots/x86_64-oesdk-linux/usr --bindir=/usr/local/oe-sdk-hardcoded-buildpath/sysroots/x86_64-oesdk-linux/usr/bin/aarch64-xilinx-elf --sbindir=/usr/local/oe-sdk-hardcoded-buildpath/sysroots/x86_64-oesdk-linux/usr/bin/aarch64-xilinx-elf --libexecdir=/usr/local/oe-sdk-hardcoded-buildpath/sysroots/x86_64-oesdk-linux/usr/libexec/aarch64-xilinx-elf --datadir=/usr/local/oe-sdk-hardcoded-buildpath/sysroots/x86_64-oesdk-linux/usr/share --sysconfdir=/usr/local/oe-sdk-hardcoded-buildpath/sysroots/x86_64-oesdk-linux/etc --sharedstatedir=/usr/local/oe-sdk-hardcoded-buildpath/sysroots/x86_64-oesdk-linux/com --localstatedir=/usr/local/oe-sdk-hardcoded-buildpath/sysroots/x86_64-oesdk-linux/var --libdir=/usr/local/oe-sdk-hardcoded-buildpath/sysroots/x86_64-oesdk-linux/usr/lib/aarch64-xilinx-elf --includedir=/usr/local/oe-sdk-hardcoded-buildpath/sysroots/x86_64-oesdk-linux/usr/include --oldincludedir=/usr/local/oe-sdk-hardcoded-buildpath/sysroots/x86_64-oesdk-linux/usr/include --infodir=/usr/local/oe-sdk-hardcoded-buildpath/sysroots/x86_64-oesdk-linux/usr/share/info --mandir=/usr/local/oe-sdk-hardcoded-buildpath/sysroots/x86_64-oesdk-linux/usr/share/man --disable-silent-rules --disable-dependency-tracking --with-libtool-sysroot=/host --with-gnu-ld --enable-shared --enable-languages=c,c++,fortran --enable-threads=posix --enable-multilib --enable-c99 --enable-long-long --enable-libstdcxx-pch --program-prefix=aarch64-xilinx-elf- --without-local-prefix --disable-install-libiberty --disable-libssp --enable-libitm --enable-lto --disable-bootstrap --with-system-zlib --enable-linker-build-id --with-ppl=no --with-cloog=no --enable-checking=release --enable-cheaders=c_global --without-isl --with-gxx-include-dir=/not/exist/usr/include/c++/13.3.0 --with-build-time-tools=/host-native/usr/aarch64-xilinx-elf/bin --with-sysroot=/not/exist --with-build-sysroot=/host --with-plugin-ld=ld --enable-poison-system-directories --disable-static --enable-nls --with-glibc-version=2.28 --enable-initfini-array --enable-multilib --disable-libstdcxx-pch --with-newlib --disable-threads --enable-plugins --with-gnu-as --disable-libitm --disable-tm-clone-registry --disable-multiarch --with-arch=armv8-a --with-sysroot=/not/exist]
  ignore line: [Thread model: single]
  ignore line: [Supported LTO compression algorithms: zlib zstd]
  ignore line: [gcc version 13.3.0 (GCC) ]
  ignore line: [COLLECT_GCC_OPTIONS='--sysroot=/tools/Xilinx/2025.1/Vitis/gnu/aarch64/lin/aarch64-none/bin/../aarch64-xilinx-elf' '-mbranch-protection=none' '-D' 'SDT' '-MMD' '-MP' '-specs=/home/dllab/Desktop/trustcore_vivado/vitis/platform/zynqmp_fsbl/zynqmp_fsbl_bsp/Xilinx.spec' '-Os' '-flto' '-ffat-lto-objects' '-D' 'ARMA53_64' '-I' '/home/dllab/Desktop/trustcore_vivado/vitis/platform/zynqmp_fsbl/zynqmp_fsbl_bsp/include' '-v' '-o' 'CMakeFiles/cmTC_91b3f.dir/CMakeCXXCompilerABI.cpp.obj' '-c' '-march=armv8-a' '-mlittle-endian' '-mabi=lp64' '-dumpdir' 'CMakeFiles/cmTC_91b3f.dir/']
  ignore line: [ /tools/Xilinx/2025.1/gnu/aarch64/lin/aarch64-none/x86_64-oesdk-linux/usr/bin/aarch64-xilinx-elf/../../libexec/aarch64-xilinx-elf/gcc/aarch64-xilinx-elf/13.3.0/cc1plus -quiet -v -I /home/dllab/Desktop/trustcore_vivado/vitis/platform/zynqmp_fsbl/zynqmp_fsbl_bsp/include -iprefix /tools/Xilinx/2025.1/gnu/aarch64/lin/aarch64-none/x86_64-oesdk-linux/usr/bin/aarch64-xilinx-elf/../../lib/aarch64-xilinx-elf/gcc/aarch64-xilinx-elf/13.3.0/ -isysroot /tools/Xilinx/2025.1/Vitis/gnu/aarch64/lin/aarch64-none/bin/../aarch64-xilinx-elf -MMD CMakeFiles/cmTC_91b3f.dir/CMakeCXXCompilerABI.cpp.d -MP -MQ CMakeFiles/cmTC_91b3f.dir/CMakeCXXCompilerABI.cpp.obj -D SDT -D ARMA53_64 /tools/Xilinx/2025.1/tps/lnx64/cmake-3.24.2/share/cmake-3.24/Modules/CMakeCXXCompilerABI.cpp -quiet -dumpdir CMakeFiles/cmTC_91b3f.dir/ -dumpbase CMakeCXXCompilerABI.cpp.cpp -dumpbase-ext .cpp -mbranch-protection=none -march=armv8-a -mlittle-endian -mabi=lp64 -Os -version -flto -ffat-lto-objects -o /tmp/ccooHvtE.s]
  ignore line: [GNU C++17 (GCC) version 13.3.0 (aarch64-xilinx-elf)]
  ignore line: [	compiled by GNU C version 13.3.0  GMP version 6.3.0  MPFR version 4.2.1  MPC version 1.3.1  isl version none]
  ignore line: [GGC heuristics: --param ggc-min-expand=100 --param ggc-min-heapsize=131072]
  ignore line: [ignoring nonexistent directory "/tools/Xilinx/2025.1/gnu/aarch64/lin/aarch64-none/x86_64-oesdk-linux/usr/bin/aarch64-xilinx-elf/../../lib/aarch64-xilinx-elf/gcc/aarch64-xilinx-elf/13.3.0/../../../../../aarch64-xilinx-elf/include"]
  ignore line: [ignoring duplicate directory "/tools/Xilinx/2025.1/gnu/aarch64/lin/aarch64-none/x86_64-oesdk-linux/usr/bin/aarch64-xilinx-elf/../../lib/aarch64-xilinx-elf/gcc/../../../lib/aarch64-xilinx-elf/gcc/aarch64-xilinx-elf/13.3.0/include"]
  ignore line: [ignoring nonexistent directory "/tools/Xilinx/2025.1/Vitis/gnu/aarch64/lin/aarch64-none/bin/../aarch64-xilinx-elf/usr/lib64/aarch64-xilinx-elf/13.3.0/include"]
  ignore line: [ignoring nonexistent directory "/tools/Xilinx/2025.1/Vitis/gnu/aarch64/lin/aarch64-none/bin/../aarch64-xilinx-elf/usr/local/include"]
  ignore line: [ignoring duplicate directory "/tools/Xilinx/2025.1/gnu/aarch64/lin/aarch64-none/x86_64-oesdk-linux/usr/bin/aarch64-xilinx-elf/../../lib/aarch64-xilinx-elf/gcc/../../../lib/aarch64-xilinx-elf/gcc/aarch64-xilinx-elf/13.3.0/include-fixed"]
  ignore line: [ignoring nonexistent directory "/tools/Xilinx/2025.1/gnu/aarch64/lin/aarch64-none/x86_64-oesdk-linux/usr/bin/aarch64-xilinx-elf/../../lib/aarch64-xilinx-elf/gcc/../../../lib/aarch64-xilinx-elf/gcc/aarch64-xilinx-elf/13.3.0/../../../../../aarch64-xilinx-elf/include"]
  ignore line: [#include "..." search starts here:]
  ignore line: [#include <...> search starts here:]
  ignore line: [ /home/dllab/Desktop/trustcore_vivado/vitis/platform/zynqmp_fsbl/zynqmp_fsbl_bsp/include]
  ignore line: [ /tools/Xilinx/2025.1/gnu/aarch64/lin/aarch64-none/x86_64-oesdk-linux/usr/bin/aarch64-xilinx-elf/../../lib/aarch64-xilinx-elf/gcc/aarch64-xilinx-elf/13.3.0/include]
  ignore line: [ /tools/Xilinx/2025.1/gnu/aarch64/lin/aarch64-none/x86_64-oesdk-linux/usr/bin/aarch64-xilinx-elf/../../lib/aarch64-xilinx-elf/gcc/aarch64-xilinx-elf/13.3.0/include-fixed]
  ignore line: [ /tools/Xilinx/2025.1/Vitis/gnu/aarch64/lin/aarch64-none/bin/../aarch64-xilinx-elf/usr/include/c++/13.3.0]
  ignore line: [ /tools/Xilinx/2025.1/Vitis/gnu/aarch64/lin/aarch64-none/bin/../aarch64-xilinx-elf/usr/include/c++/13.3.0/aarch64-xilinx-elf]
  ignore line: [ /tools/Xilinx/2025.1/Vitis/gnu/aarch64/lin/aarch64-none/bin/../aarch64-xilinx-elf/usr/include/c++/13.3.0/backward]
  ignore line: [ /tools/Xilinx/2025.1/Vitis/gnu/aarch64/lin/aarch64-none/bin/../aarch64-xilinx-elf/usr/include/]
  ignore line: [End of search list.]
  ignore line: [Compiler executable checksum: ad182f738cfb6404092bcf9bf3548eda]
  ignore line: [COLLECT_GCC_OPTIONS='--sysroot=/tools/Xilinx/2025.1/Vitis/gnu/aarch64/lin/aarch64-none/bin/../aarch64-xilinx-elf' '-mbranch-protection=none' '-D' 'SDT' '-MMD' '-MP' '-specs=/home/dllab/Desktop/trustcore_vivado/vitis/platform/zynqmp_fsbl/zynqmp_fsbl_bsp/Xilinx.spec' '-Os' '-flto' '-ffat-lto-objects' '-D' 'ARMA53_64' '-I' '/home/dllab/Desktop/trustcore_vivado/vitis/platform/zynqmp_fsbl/zynqmp_fsbl_bsp/include' '-v' '-o' 'CMakeFiles/cmTC_91b3f.dir/CMakeCXXCompilerABI.cpp.obj' '-c' '-march=armv8-a' '-mlittle-endian' '-mabi=lp64' '-dumpdir' 'CMakeFiles/cmTC_91b3f.dir/']
  ignore line: [ /tools/Xilinx/2025.1/gnu/aarch64/lin/aarch64-none/x86_64-oesdk-linux/usr/bin/aarch64-xilinx-elf/../../libexec/aarch64-xilinx-elf/gcc/aarch64-xilinx-elf/13.3.0/as -v -I /home/dllab/Desktop/trustcore_vivado/vitis/platform/zynqmp_fsbl/zynqmp_fsbl_bsp/include -EL -march=armv8-a -mabi=lp64 -o CMakeFiles/cmTC_91b3f.dir/CMakeCXXCompilerABI.cpp.obj /tmp/ccooHvtE.s]
  ignore line: [GNU assembler version 2.42.0 (aarch64-xilinx-elf) using BFD version (GNU Binutils) 2.42.0.20240723]
  ignore line: [COMPILER_PATH=/tools/Xilinx/2025.1/gnu/aarch64/lin/aarch64-none/x86_64-oesdk-linux/usr/bin/aarch64-xilinx-elf/../../libexec/aarch64-xilinx-elf/gcc/aarch64-xilinx-elf/13.3.0/:/tools/Xilinx/2025.1/gnu/aarch64/lin/aarch64-none/x86_64-oesdk-linux/usr/bin/aarch64-xilinx-elf/../../libexec/aarch64-xilinx-elf/gcc/]
  ignore line: [LIBRARY_PATH=/tools/Xilinx/2025.1/gnu/aarch64/lin/aarch64-none/x86_64-oesdk-linux/usr/bin/aarch64-xilinx-elf/../../lib/aarch64-xilinx-elf/gcc/aarch64-xilinx-elf/13.3.0/:/tools/Xilinx/2025.1/gnu/aarch64/lin/aarch64-none/x86_64-oesdk-linux/usr/bin/aarch64-xilinx-elf/../../lib/aarch64-xilinx-elf/gcc/:/tools/Xilinx/2025.1/Vitis/gnu/aarch64/lin/aarch64-none/bin/../aarch64-xilinx-elf/usr/lib64/aarch64-xilinx-elf/13.3.0/:/tools/Xilinx/2025.1/Vitis/gnu/aarch64/lin/aarch64-none/bin/../aarch64-xilinx-elf/usr/lib64/]
  ignore line: [COLLECT_GCC_OPTIONS='--sysroot=/tools/Xilinx/2025.1/Vitis/gnu/aarch64/lin/aarch64-none/bin/../aarch64-xilinx-elf' '-mbranch-protection=none' '-D' 'SDT' '-MMD' '-MP' '-specs=/home/dllab/Desktop/trustcore_vivado/vitis/platform/zynqmp_fsbl/zynqmp_fsbl_bsp/Xilinx.spec' '-Os' '-flto' '-ffat-lto-objects' '-D' 'ARMA53_64' '-I' '/home/dllab/Desktop/trustcore_vivado/vitis/platform/zynqmp_fsbl/zynqmp_fsbl_bsp/include' '-v' '-o' 'CMakeFiles/cmTC_91b3f.dir/CMakeCXXCompilerABI.cpp.obj' '-c' '-march=armv8-a' '-mlittle-endian' '-mabi=lp64' '-dumpdir' 'CMakeFiles/cmTC_91b3f.dir/CMakeCXXCompilerABI.cpp.']
  ignore line: [[2/2] Linking CXX executable cmTC_91b3f]
  ignore line: [Using built-in specs.]
  ignore line: [Reading specs from /home/dllab/Desktop/trustcore_vivado/vitis/platform/zynqmp_fsbl/zynqmp_fsbl_bsp/Xilinx.spec]
  ignore line: [COLLECT_GCC=/tools/Xilinx/2025.1/Vitis/gnu/aarch64/lin/aarch64-none/bin/../x86_64-oesdk-linux/usr/bin/aarch64-xilinx-elf/aarch64-xilinx-elf-g++.real]
  ignore line: [COLLECT_LTO_WRAPPER=/tools/Xilinx/2025.1/gnu/aarch64/lin/aarch64-none/x86_64-oesdk-linux/usr/bin/aarch64-xilinx-elf/../../libexec/aarch64-xilinx-elf/gcc/aarch64-xilinx-elf/13.3.0/lto-wrapper]
  ignore line: [Target: aarch64-xilinx-elf]
  ignore line: [Configured with: ../../../../../../work-shared/gcc-13.3.0-r0/gcc-13.3.0/configure --build=x86_64-linux --host=x86_64-oesdk-linux --target=aarch64-xilinx-elf --prefix=/usr/local/oe-sdk-hardcoded-buildpath/sysroots/x86_64-oesdk-linux/usr --exec_prefix=/usr/local/oe-sdk-hardcoded-buildpath/sysroots/x86_64-oesdk-linux/usr --bindir=/usr/local/oe-sdk-hardcoded-buildpath/sysroots/x86_64-oesdk-linux/usr/bin/aarch64-xilinx-elf --sbindir=/usr/local/oe-sdk-hardcoded-buildpath/sysroots/x86_64-oesdk-linux/usr/bin/aarch64-xilinx-elf --libexecdir=/usr/local/oe-sdk-hardcoded-buildpath/sysroots/x86_64-oesdk-linux/usr/libexec/aarch64-xilinx-elf --datadir=/usr/local/oe-sdk-hardcoded-buildpath/sysroots/x86_64-oesdk-linux/usr/share --sysconfdir=/usr/local/oe-sdk-hardcoded-buildpath/sysroots/x86_64-oesdk-linux/etc --sharedstatedir=/usr/local/oe-sdk-hardcoded-buildpath/sysroots/x86_64-oesdk-linux/com --localstatedir=/usr/local/oe-sdk-hardcoded-buildpath/sysroots/x86_64-oesdk-linux/var --libdir=/usr/local/oe-sdk-hardcoded-buildpath/sysroots/x86_64-oesdk-linux/usr/lib/aarch64-xilinx-elf --includedir=/usr/local/oe-sdk-hardcoded-buildpath/sysroots/x86_64-oesdk-linux/usr/include --oldincludedir=/usr/local/oe-sdk-hardcoded-buildpath/sysroots/x86_64-oesdk-linux/usr/include --infodir=/usr/local/oe-sdk-hardcoded-buildpath/sysroots/x86_64-oesdk-linux/usr/share/info --mandir=/usr/local/oe-sdk-hardcoded-buildpath/sysroots/x86_64-oesdk-linux/usr/share/man --disable-silent-rules --disable-dependency-tracking --with-libtool-sysroot=/host --with-gnu-ld --enable-shared --enable-languages=c,c++,fortran --enable-threads=posix --enable-multilib --enable-c99 --enable-long-long --enable-libstdcxx-pch --program-prefix=aarch64-xilinx-elf- --without-local-prefix --disable-install-libiberty --disable-libssp --enable-libitm --enable-lto --disable-bootstrap --with-system-zlib --enable-linker-build-id --with-ppl=no --with-cloog=no --enable-checking=release --enable-cheaders=c_global --without-isl --with-gxx-include-dir=/not/exist/usr/include/c++/13.3.0 --with-build-time-tools=/host-native/usr/aarch64-xilinx-elf/bin --with-sysroot=/not/exist --with-build-sysroot=/host --with-plugin-ld=ld --enable-poison-system-directories --disable-static --enable-nls --with-glibc-version=2.28 --enable-initfini-array --enable-multilib --disable-libstdcxx-pch --with-newlib --disable-threads --enable-plugins --with-gnu-as --disable-libitm --disable-tm-clone-registry --disable-multiarch --with-arch=armv8-a --with-sysroot=/not/exist]
  ignore line: [Thread model: single]
  ignore line: [Supported LTO compression algorithms: zlib zstd]
  ignore line: [gcc version 13.3.0 (GCC) ]
  ignore line: [COMPILER_PATH=/tools/Xilinx/2025.1/gnu/aarch64/lin/aarch64-none/x86_64-oesdk-linux/usr/bin/aarch64-xilinx-elf/../../libexec/aarch64-xilinx-elf/gcc/aarch64-xilinx-elf/13.3.0/:/tools/Xilinx/2025.1/gnu/aarch64/lin/aarch64-none/x86_64-oesdk-linux/usr/bin/aarch64-xilinx-elf/../../libexec/aarch64-xilinx-elf/gcc/]
  ignore line: [LIBRARY_PATH=/tools/Xilinx/2025.1/gnu/aarch64/lin/aarch64-none/x86_64-oesdk-linux/usr/bin/aarch64-xilinx-elf/../../lib/aarch64-xilinx-elf/gcc/aarch64-xilinx-elf/13.3.0/:/tools/Xilinx/2025.1/gnu/aarch64/lin/aarch64-none/x86_64-oesdk-linux/usr/bin/aarch64-xilinx-elf/../../lib/aarch64-xilinx-elf/gcc/:/tools/Xilinx/2025.1/Vitis/gnu/aarch64/lin/aarch64-none/bin/../aarch64-xilinx-elf/usr/lib64/aarch64-xilinx-elf/13.3.0/:/tools/Xilinx/2025.1/Vitis/gnu/aarch64/lin/aarch64-none/bin/../aarch64-xilinx-elf/usr/lib64/]
  ignore line: [COLLECT_GCC_OPTIONS='--sysroot=/tools/Xilinx/2025.1/Vitis/gnu/aarch64/lin/aarch64-none/bin/../aarch64-xilinx-elf' '-mbranch-protection=none' '-D' 'SDT' '-MMD' '-MP' '-specs=/home/dllab/Desktop/trustcore_vivado/vitis/platform/zynqmp_fsbl/zynqmp_fsbl_bsp/Xilinx.spec' '-Os' '-flto' '-ffat-lto-objects' '-D' 'ARMA53_64' '-I' '/home/dllab/Desktop/trustcore_vivado/vitis/platform/zynqmp_fsbl/zynqmp_fsbl_bsp/include' '-v' '-o' 'cmTC_91b3f' '-march=armv8-a' '-mlittle-endian' '-mabi=lp64' '-dumpdir' 'cmTC_91b3f.']
  link line: [ /tools/Xilinx/2025.1/gnu/aarch64/lin/aarch64-none/x86_64-oesdk-linux/usr/bin/aarch64-xilinx-elf/../../libexec/aarch64-xilinx-elf/gcc/aarch64-xilinx-elf/13.3.0/collect2 -plugin /tools/Xilinx/2025.1/gnu/aarch64/lin/aarch64-none/x86_64-oesdk-linux/usr/bin/aarch64-xilinx-elf/../../libexec/aarch64-xilinx-elf/gcc/aarch64-xilinx-elf/13.3.0/liblto_plugin.so -plugin-opt=/tools/Xilinx/2025.1/gnu/aarch64/lin/aarch64-none/x86_64-oesdk-linux/usr/bin/aarch64-xilinx-elf/../../libexec/aarch64-xilinx-elf/gcc/aarch64-xilinx-elf/13.3.0/lto-wrapper -plugin-opt=-fresolution=/tmp/cc79q47r.res -plugin-opt=-pass-through=-lgcc -plugin-opt=-pass-through=-lc -plugin-opt=-pass-through=-lgcc -flto --sysroot=/tools/Xilinx/2025.1/Vitis/gnu/aarch64/lin/aarch64-none/bin/../aarch64-xilinx-elf --build-id -EL -X -maarch64elf -o cmTC_91b3f /tools/Xilinx/2025.1/Vitis/gnu/aarch64/lin/aarch64-none/bin/../aarch64-xilinx-elf/usr/lib64/aarch64-xilinx-elf/13.3.0/crti.o /tools/Xilinx/2025.1/Vitis/gnu/aarch64/lin/aarch64-none/bin/../aarch64-xilinx-elf/usr/lib64/aarch64-xilinx-elf/13.3.0/crtbegin.o -L/tools/Xilinx/2025.1/gnu/aarch64/lin/aarch64-none/x86_64-oesdk-linux/usr/bin/aarch64-xilinx-elf/../../lib/aarch64-xilinx-elf/gcc/aarch64-xilinx-elf/13.3.0 -L/tools/Xilinx/2025.1/gnu/aarch64/lin/aarch64-none/x86_64-oesdk-linux/usr/bin/aarch64-xilinx-elf/../../lib/aarch64-xilinx-elf/gcc -L/tools/Xilinx/2025.1/Vitis/gnu/aarch64/lin/aarch64-none/bin/../aarch64-xilinx-elf/usr/lib64/aarch64-xilinx-elf/13.3.0 -L/tools/Xilinx/2025.1/Vitis/gnu/aarch64/lin/aarch64-none/bin/../aarch64-xilinx-elf/usr/lib64 --no-warn-rwx-segment CMakeFiles/cmTC_91b3f.dir/CMakeCXXCompilerABI.cpp.obj -lstdc++ -lm -lgcc -lc -lgcc /tools/Xilinx/2025.1/Vitis/gnu/aarch64/lin/aarch64-none/bin/../aarch64-xilinx-elf/usr/lib64/aarch64-xilinx-elf/13.3.0/crtend.o /tools/Xilinx/2025.1/Vitis/gnu/aarch64/lin/aarch64-none/bin/../aarch64-xilinx-elf/usr/lib64/aarch64-xilinx-elf/13.3.0/crtn.o]
    arg [/tools/Xilinx/2025.1/gnu/aarch64/lin/aarch64-none/x86_64-oesdk-linux/usr/bin/aarch64-xilinx-elf/../../libexec/aarch64-xilinx-elf/gcc/aarch64-xilinx-elf/13.3.0/collect2] ==> ignore
    arg [-plugin] ==> ignore
    arg [/tools/Xilinx/2025.1/gnu/aarch64/lin/aarch64-none/x86_64-oesdk-linux/usr/bin/aarch64-xilinx-elf/../../libexec/aarch64-xilinx-elf/gcc/aarch64-xilinx-elf/13.3.0/liblto_plugin.so] ==> ignore
    arg [-plugin-opt=/tools/Xilinx/2025.1/gnu/aarch64/lin/aarch64-none/x86_64-oesdk-linux/usr/bin/aarch64-xilinx-elf/../../libexec/aarch64-xilinx-elf/gcc/aarch64-xilinx-elf/13.3.0/lto-wrapper] ==> ignore
    arg [-plugin-opt=-fresolution=/tmp/cc79q47r.res] ==> ignore
    arg [-plugin-opt=-pass-through=-lgcc] ==> ignore
    arg [-plugin-opt=-pass-through=-lc] ==> ignore
    arg [-plugin-opt=-pass-through=-lgcc] ==> ignore
    arg [-flto] ==> ignore
    arg [--sysroot=/tools/Xilinx/2025.1/Vitis/gnu/aarch64/lin/aarch64-none/bin/../aarch64-xilinx-elf] ==> ignore
    arg [--build-id] ==> ignore
    arg [-EL] ==> ignore
    arg [-X] ==> ignore
    arg [-maarch64elf] ==> ignore
    arg [-o] ==> ignore
    arg [cmTC_91b3f] ==> ignore
    arg [/tools/Xilinx/2025.1/Vitis/gnu/aarch64/lin/aarch64-none/bin/../aarch64-xilinx-elf/usr/lib64/aarch64-xilinx-elf/13.3.0/crti.o] ==> obj [/tools/Xilinx/2025.1/Vitis/gnu/aarch64/lin/aarch64-none/bin/../aarch64-xilinx-elf/usr/lib64/aarch64-xilinx-elf/13.3.0/crti.o]
    arg [/tools/Xilinx/2025.1/Vitis/gnu/aarch64/lin/aarch64-none/bin/../aarch64-xilinx-elf/usr/lib64/aarch64-xilinx-elf/13.3.0/crtbegin.o] ==> obj [/tools/Xilinx/2025.1/Vitis/gnu/aarch64/lin/aarch64-none/bin/../aarch64-xilinx-elf/usr/lib64/aarch64-xilinx-elf/13.3.0/crtbegin.o]
    arg [-L/tools/Xilinx/2025.1/gnu/aarch64/lin/aarch64-none/x86_64-oesdk-linux/usr/bin/aarch64-xilinx-elf/../../lib/aarch64-xilinx-elf/gcc/aarch64-xilinx-elf/13.3.0] ==> dir [/tools/Xilinx/2025.1/gnu/aarch64/lin/aarch64-none/x86_64-oesdk-linux/usr/bin/aarch64-xilinx-elf/../../lib/aarch64-xilinx-elf/gcc/aarch64-xilinx-elf/13.3.0]
    arg [-L/tools/Xilinx/2025.1/gnu/aarch64/lin/aarch64-none/x86_64-oesdk-linux/usr/bin/aarch64-xilinx-elf/../../lib/aarch64-xilinx-elf/gcc] ==> dir [/tools/Xilinx/2025.1/gnu/aarch64/lin/aarch64-none/x86_64-oesdk-linux/usr/bin/aarch64-xilinx-elf/../../lib/aarch64-xilinx-elf/gcc]
    arg [-L/tools/Xilinx/2025.1/Vitis/gnu/aarch64/lin/aarch64-none/bin/../aarch64-xilinx-elf/usr/lib64/aarch64-xilinx-elf/13.3.0] ==> dir [/tools/Xilinx/2025.1/Vitis/gnu/aarch64/lin/aarch64-none/bin/../aarch64-xilinx-elf/usr/lib64/aarch64-xilinx-elf/13.3.0]
    arg [-L/tools/Xilinx/2025.1/Vitis/gnu/aarch64/lin/aarch64-none/bin/../aarch64-xilinx-elf/usr/lib64] ==> dir [/tools/Xilinx/2025.1/Vitis/gnu/aarch64/lin/aarch64-none/bin/../aarch64-xilinx-elf/usr/lib64]
    arg [--no-warn-rwx-segment] ==> ignore
    arg [CMakeFiles/cmTC_91b3f.dir/CMakeCXXCompilerABI.cpp.obj] ==> ignore
    arg [-lstdc++] ==> lib [stdc++]
    arg [-lm] ==> lib [m]
    arg [-lgcc] ==> lib [gcc]
    arg [-lc] ==> lib [c]
    arg [-lgcc] ==> lib [gcc]
    arg [/tools/Xilinx/2025.1/Vitis/gnu/aarch64/lin/aarch64-none/bin/../aarch64-xilinx-elf/usr/lib64/aarch64-xilinx-elf/13.3.0/crtend.o] ==> obj [/tools/Xilinx/2025.1/Vitis/gnu/aarch64/lin/aarch64-none/bin/../aarch64-xilinx-elf/usr/lib64/aarch64-xilinx-elf/13.3.0/crtend.o]
    arg [/tools/Xilinx/2025.1/Vitis/gnu/aarch64/lin/aarch64-none/bin/../aarch64-xilinx-elf/usr/lib64/aarch64-xilinx-elf/13.3.0/crtn.o] ==> obj [/tools/Xilinx/2025.1/Vitis/gnu/aarch64/lin/aarch64-none/bin/../aarch64-xilinx-elf/usr/lib64/aarch64-xilinx-elf/13.3.0/crtn.o]
  collapse obj [/tools/Xilinx/2025.1/Vitis/gnu/aarch64/lin/aarch64-none/bin/../aarch64-xilinx-elf/usr/lib64/aarch64-xilinx-elf/13.3.0/crti.o] ==> [/tools/Xilinx/2025.1/Vitis/gnu/aarch64/lin/aarch64-none/aarch64-xilinx-elf/usr/lib64/aarch64-xilinx-elf/13.3.0/crti.o]
  collapse obj [/tools/Xilinx/2025.1/Vitis/gnu/aarch64/lin/aarch64-none/bin/../aarch64-xilinx-elf/usr/lib64/aarch64-xilinx-elf/13.3.0/crtbegin.o] ==> [/tools/Xilinx/2025.1/Vitis/gnu/aarch64/lin/aarch64-none/aarch64-xilinx-elf/usr/lib64/aarch64-xilinx-elf/13.3.0/crtbegin.o]
  collapse obj [/tools/Xilinx/2025.1/Vitis/gnu/aarch64/lin/aarch64-none/bin/../aarch64-xilinx-elf/usr/lib64/aarch64-xilinx-elf/13.3.0/crtend.o] ==> [/tools/Xilinx/2025.1/Vitis/gnu/aarch64/lin/aarch64-none/aarch64-xilinx-elf/usr/lib64/aarch64-xilinx-elf/13.3.0/crtend.o]
  collapse obj [/tools/Xilinx/2025.1/Vitis/gnu/aarch64/lin/aarch64-none/bin/../aarch64-xilinx-elf/usr/lib64/aarch64-xilinx-elf/13.3.0/crtn.o] ==> [/tools/Xilinx/2025.1/Vitis/gnu/aarch64/lin/aarch64-none/aarch64-xilinx-elf/usr/lib64/aarch64-xilinx-elf/13.3.0/crtn.o]
  collapse library dir [/tools/Xilinx/2025.1/gnu/aarch64/lin/aarch64-none/x86_64-oesdk-linux/usr/bin/aarch64-xilinx-elf/../../lib/aarch64-xilinx-elf/gcc/aarch64-xilinx-elf/13.3.0] ==> [/tools/Xilinx/2025.1/gnu/aarch64/lin/aarch64-none/x86_64-oesdk-linux/usr/lib/aarch64-xilinx-elf/gcc/aarch64-xilinx-elf/13.3.0]
  collapse library dir [/tools/Xilinx/2025.1/gnu/aarch64/lin/aarch64-none/x86_64-oesdk-linux/usr/bin/aarch64-xilinx-elf/../../lib/aarch64-xilinx-elf/gcc] ==> [/tools/Xilinx/2025.1/gnu/aarch64/lin/aarch64-none/x86_64-oesdk-linux/usr/lib/aarch64-xilinx-elf/gcc]
  collapse library dir [/tools/Xilinx/2025.1/Vitis/gnu/aarch64/lin/aarch64-none/bin/../aarch64-xilinx-elf/usr/lib64/aarch64-xilinx-elf/13.3.0] ==> [/tools/Xilinx/2025.1/Vitis/gnu/aarch64/lin/aarch64-none/aarch64-xilinx-elf/usr/lib64/aarch64-xilinx-elf/13.3.0]
  collapse library dir [/tools/Xilinx/2025.1/Vitis/gnu/aarch64/lin/aarch64-none/bin/../aarch64-xilinx-elf/usr/lib64] ==> [/tools/Xilinx/2025.1/Vitis/gnu/aarch64/lin/aarch64-none/aarch64-xilinx-elf/usr/lib64]
  implicit libs: [stdc++;m;gcc;c;gcc]
  implicit objs: [/tools/Xilinx/2025.1/Vitis/gnu/aarch64/lin/aarch64-none/aarch64-xilinx-elf/usr/lib64/aarch64-xilinx-elf/13.3.0/crti.o;/tools/Xilinx/2025.1/Vitis/gnu/aarch64/lin/aarch64-none/aarch64-xilinx-elf/usr/lib64/aarch64-xilinx-elf/13.3.0/crtbegin.o;/tools/Xilinx/2025.1/Vitis/gnu/aarch64/lin/aarch64-none/aarch64-xilinx-elf/usr/lib64/aarch64-xilinx-elf/13.3.0/crtend.o;/tools/Xilinx/2025.1/Vitis/gnu/aarch64/lin/aarch64-none/aarch64-xilinx-elf/usr/lib64/aarch64-xilinx-elf/13.3.0/crtn.o]
  implicit dirs: [/tools/Xilinx/2025.1/gnu/aarch64/lin/aarch64-none/x86_64-oesdk-linux/usr/lib/aarch64-xilinx-elf/gcc/aarch64-xilinx-elf/13.3.0;/tools/Xilinx/2025.1/gnu/aarch64/lin/aarch64-none/x86_64-oesdk-linux/usr/lib/aarch64-xilinx-elf/gcc;/tools/Xilinx/2025.1/Vitis/gnu/aarch64/lin/aarch64-none/aarch64-xilinx-elf/usr/lib64/aarch64-xilinx-elf/13.3.0;/tools/Xilinx/2025.1/Vitis/gnu/aarch64/lin/aarch64-none/aarch64-xilinx-elf/usr/lib64]
  implicit fwks: []


Checking whether the ASM compiler is GNU using "--version" matched "(GNU assembler)|(GCC)|(Free Software Foundation)":
aarch64-xilinx-elf-gcc.real (GCC) 13.3.0
Copyright (C) 2023 Free Software Foundation, Inc.
This is free software; see the source for copying conditions.  There is NO
warranty; not even for MERCHANTABILITY or FITNESS FOR A PARTICULAR PURPOSE.

